Date,All Grades All Formulations,All Grades Reformulated,Regular All Formulations,Regular Reformulated,Midgrade All Formulations,Midgrade Reformulated,Premium All Formulations,Premium Reformulated,
"Jun 05, 2000",1.99,1.99,1.949,1.949,2.059,2.059,2.169,2.169,
"Jun 12, 2000",2.134,2.134,2.091,2.091,2.203,2.203,2.32,2.32,
"Jun 19, 2000",2.148,2.148,2.108,2.108,2.214,2.214,2.32,2.32,
"Jun 26, 2000",2.029,2.029,1.989,1.989,2.093,2.093,2.202,2.202,
"Jul 03, 2000",1.829,1.829,1.786,1.786,1.899,1.899,2.016,2.016,
"Jul 10, 2000",1.73,1.73,1.688,1.688,1.794,1.794,1.912,1.912,
"Jul 17, 2000",1.617,1.617,1.576,1.576,1.678,1.678,1.794,1.794,
"Jul 24, 2000",1.489,1.489,1.45,1.45,1.551,1.551,1.658,1.658,
"Jul 31, 2000",1.391,1.391,1.352,1.352,1.453,1.453,1.559,1.559,
"Aug 07, 2000",1.396,1.396,1.357,1.357,1.459,1.459,1.564,1.564,
"Aug 14, 2000",1.365,1.365,1.327,1.327,1.42,1.42,1.532,1.532,
"Aug 21, 2000",1.408,1.408,1.368,1.368,1.469,1.469,1.579,1.579,
"Aug 28, 2000",1.446,1.446,1.406,1.406,1.509,1.509,1.616,1.616,
"Sep 04, 2000",1.584,1.584,1.545,1.545,1.648,1.648,1.756,1.756,
"Sep 11, 2000",1.574,1.574,1.533,1.533,1.64,1.64,1.751,1.751,
"Sep 18, 2000",1.546,1.546,1.506,1.506,1.61,1.61,1.717,1.717,
"Sep 25, 2000",1.536,1.536,1.496,1.496,1.601,1.601,1.708,1.708,
"Oct 02, 2000",1.511,1.511,1.471,1.471,1.577,1.577,1.678,1.678,
"Oct 09, 2000",1.483,1.483,1.443,1.443,1.547,1.547,1.658,1.658,
"Oct 16, 2000",1.594,1.594,1.556,1.556,1.657,1.657,1.761,1.761,
"Oct 23, 2000",1.555,1.555,1.515,1.515,1.618,1.618,1.728,1.728,
"Oct 30, 2000",1.612,1.612,1.573,1.573,1.678,1.678,1.782,1.782,
"Nov 06, 2000",1.585,1.585,1.546,1.546,1.65,1.65,1.753,1.753,
"Nov 13, 2000",1.55,1.55,1.511,1.511,1.615,1.615,1.721,1.721,
"Nov 20, 2000",1.581,1.581,1.543,1.543,1.647,1.647,1.748,1.748,
"Nov 27, 2000",1.551,1.551,1.511,1.511,1.616,1.616,1.722,1.722,
"Dec 04, 2000",1.523,1.523,1.484,1.484,1.586,1.586,1.693,1.693,
"Dec 11, 2000",1.492,1.492,1.452,1.452,1.559,1.559,1.66,1.66,
"Dec 18, 2000",1.462,1.462,1.421,1.421,1.528,1.528,1.632,1.632,
"Dec 25, 2000",1.455,1.455,1.415,1.415,1.519,1.519,1.623,1.623,
"Jan 01, 2001",1.524,1.524,1.487,1.487,1.586,1.586,1.687,1.687,
"Jan 08, 2001",1.516,1.516,1.477,1.477,1.58,1.58,1.688,1.688,
"Jan 15, 2001",1.607,1.607,1.569,1.569,1.668,1.668,1.772,1.772,
"Jan 22, 2001",1.585,1.585,1.546,1.546,1.644,1.644,1.759,1.759,
"Jan 29, 2001",1.58,1.58,1.541,1.541,1.645,1.645,1.742,1.742,
"Feb 05, 2001",1.541,1.541,1.501,1.501,1.607,1.607,1.711,1.711,
"Feb 12, 2001",1.564,1.564,1.525,1.525,1.628,1.628,1.731,1.731,
"Feb 19, 2001",1.517,1.517,1.477,1.477,1.581,1.581,1.688,1.688,
"Feb 26, 2001",1.466,1.466,1.426,1.426,1.53,1.53,1.639,1.639,
"Mar 05, 2001",1.447,1.447,1.411,1.411,1.508,1.508,1.612,1.612,
"Mar 12, 2001",1.414,1.414,1.374,1.374,1.477,1.477,1.587,1.587,
"Mar 19, 2001",1.448,1.448,1.408,1.408,1.512,1.512,1.618,1.618,
"Mar 26, 2001",1.397,1.397,1.357,1.357,1.46,1.46,1.572,1.572,
"Apr 02, 2001",1.56,1.56,1.52,1.52,1.629,1.629,1.731,1.731,
"Apr 09, 2001",1.684,1.684,1.644,1.644,1.75,1.75,1.851,1.851,
"Apr 16, 2001",1.667,1.667,1.62,1.62,1.745,1.745,1.871,1.871,
"Apr 23, 2001",1.892,1.892,1.853,1.853,1.954,1.954,2.06,2.06,
"Apr 30, 2001",1.873,1.873,1.832,1.832,1.939,1.939,2.046,2.046,
"May 07, 2001",2.011,2.011,1.973,1.973,2.076,2.076,2.18,2.18,
"May 14, 2001",2.088,2.088,2.049,2.049,2.157,2.157,2.252,2.252,
"May 21, 2001",2.017,2.017,1.978,1.978,2.084,2.084,2.181,2.181,
"May 28, 2001",1.972,1.972,1.93,1.93,2.04,2.04,2.147,2.147,
"Jun 04, 2001",1.934,1.934,1.893,1.893,2,2,2.108,2.108,
"Jun 11, 2001",1.843,1.843,1.802,1.802,1.911,1.911,2.019,2.019,
"Jun 18, 2001",1.741,1.741,1.699,1.699,1.809,1.809,1.922,1.922,
"Jun 25, 2001",1.614,1.614,1.572,1.572,1.681,1.681,1.794,1.794,
"Jul 02, 2001",1.479,1.479,1.438,1.438,1.545,1.545,1.653,1.653,
"Jul 09, 2001",1.389,1.389,1.35,1.35,1.45,1.45,1.558,1.558,
"Jul 16, 2001",1.344,1.344,1.305,1.305,1.407,1.407,1.513,1.513,
"Jul 23, 2001",1.459,1.459,1.419,1.419,1.524,1.524,1.629,1.629,
"Jul 30, 2001",1.41,1.41,1.37,1.37,1.475,1.475,1.583,1.583,
"Aug 06, 2001",1.482,1.482,1.443,1.443,1.547,1.547,1.646,1.646,
"Aug 13, 2001",1.562,1.562,1.523,1.523,1.628,1.628,1.728,1.728,
"Aug 20, 2001",1.692,1.692,1.654,1.654,1.756,1.756,1.856,1.856,
"Aug 27, 2001",1.822,1.822,1.785,1.785,1.882,1.882,1.978,1.978,
"Sep 03, 2001",1.921,1.921,1.884,1.884,1.981,1.981,2.079,2.079,
"Sep 10, 2001",1.872,1.872,1.834,1.834,1.934,1.934,2.032,2.032,
"Sep 17, 2001",1.831,1.831,1.793,1.793,1.895,1.895,1.995,1.995,
"Sep 24, 2001",1.77,1.77,1.736,1.736,1.827,1.827,1.915,1.915,
"Oct 01, 2001",1.679,1.679,1.647,1.647,1.734,1.734,1.817,1.817,
"Oct 08, 2001",1.546,1.546,1.517,1.517,1.598,1.598,1.669,1.669,
"Oct 15, 2001",1.461,1.461,1.429,1.429,1.514,1.514,1.595,1.595,
"Oct 22, 2001",1.358,1.358,1.325,1.325,1.41,1.41,1.498,1.498,
"Oct 29, 2001",1.288,1.288,1.255,1.255,1.345,1.345,1.43,1.43,
"Nov 05, 2001",1.238,1.238,1.205,1.205,1.294,1.294,1.381,1.381,
"Nov 12, 2001",1.312,1.312,1.276,1.276,1.373,1.373,1.466,1.466,
"Nov 19, 2001",1.276,1.276,1.24,1.24,1.334,1.334,1.426,1.426,
"Nov 26, 2001",1.217,1.217,1.181,1.181,1.279,1.279,1.373,1.373,
"Dec 03, 2001",1.222,1.222,1.186,1.186,1.281,1.281,1.378,1.378,
"Dec 10, 2001",1.238,1.238,1.202,1.202,1.299,1.299,1.395,1.395,
"Dec 17, 2001",1.143,1.143,1.106,1.106,1.208,1.208,1.296,1.296,
"Dec 24, 2001",1.178,1.178,1.143,1.143,1.237,1.237,1.326,1.326,
"Dec 31, 2001",1.237,1.237,1.203,1.203,1.296,1.296,1.383,1.383,
"Jan 07, 2002",1.218,1.218,1.184,1.184,1.274,1.274,1.364,1.364,
"Jan 14, 2002",1.134,1.134,1.099,1.099,1.194,1.194,1.284,1.284,
"Jan 21, 2002",1.13,1.13,1.095,1.095,1.187,1.187,1.276,1.276,
"Jan 28, 2002",1.128,1.128,1.098,1.098,1.178,1.178,1.256,1.256,
"Feb 04, 2002",1.147,1.147,1.115,1.115,1.198,1.198,1.281,1.281,
"Feb 11, 2002",1.122,1.122,1.094,1.094,1.167,1.167,1.242,1.242,
"Feb 18, 2002",1.169,1.169,1.135,1.135,1.225,1.225,1.312,1.312,
"Feb 25, 2002",1.168,1.168,1.134,1.134,1.226,1.226,1.313,1.313,
"Mar 04, 2002",1.233,1.233,1.201,1.201,1.288,1.288,1.371,1.371,
"Mar 11, 2002",1.315,1.315,1.28,1.28,1.376,1.376,1.466,1.466,
"Mar 18, 2002",1.415,1.415,1.379,1.379,1.476,1.476,1.565,1.565,
"Mar 25, 2002",1.523,1.523,1.487,1.487,1.583,1.583,1.676,1.676,
"Apr 01, 2002",1.505,1.505,1.469,1.469,1.566,1.566,1.656,1.656,
"Apr 08, 2002",1.606,1.606,1.57,1.57,1.666,1.666,1.759,1.759,
"Apr 15, 2002",1.562,1.562,1.528,1.528,1.622,1.622,1.711,1.711,
"Apr 22, 2002",1.531,1.531,1.495,1.495,1.594,1.594,1.687,1.687,
"Apr 29, 2002",1.511,1.511,1.475,1.475,1.571,1.571,1.665,1.665,
"May 06, 2002",1.535,1.535,1.499,1.499,1.593,1.593,1.687,1.687,
"May 13, 2002",1.54,1.54,1.504,1.504,1.602,1.602,1.692,1.692,
"May 20, 2002",1.636,1.636,1.6,1.6,1.695,1.695,1.785,1.785,
"May 27, 2002",1.595,1.595,1.557,1.557,1.662,1.662,1.758,1.758,
"Jun 03, 2002",1.617,1.617,1.58,1.58,1.68,1.68,1.773,1.773,
"Jun 10, 2002",1.582,1.582,1.545,1.545,1.645,1.645,1.741,1.741,
"Jun 17, 2002",1.543,1.543,1.505,1.505,1.607,1.607,1.705,1.705,
"Jun 24, 2002",1.522,1.522,1.484,1.484,1.587,1.587,1.687,1.687,
"Jul 01, 2002",1.511,1.511,1.473,1.473,1.576,1.576,1.672,1.672,
"Jul 08, 2002",1.5,1.5,1.462,1.462,1.564,1.564,1.662,1.662,
"Jul 15, 2002",1.524,1.524,1.488,1.488,1.584,1.584,1.676,1.676,
"Jul 22, 2002",1.515,1.515,1.479,1.479,1.577,1.577,1.671,1.671,
"Jul 29, 2002",1.58,1.58,1.543,1.543,1.644,1.644,1.741,1.741,
"Aug 05, 2002",1.537,1.537,1.5,1.5,1.6,1.6,1.693,1.693,
"Aug 12, 2002",1.503,1.503,1.466,1.466,1.567,1.567,1.662,1.662,
"Aug 19, 2002",1.505,1.505,1.468,1.468,1.567,1.567,1.661,1.661,
"Aug 26, 2002",1.549,1.549,1.512,1.512,1.615,1.615,1.704,1.704,
"Sep 02, 2002",1.516,1.516,1.48,1.48,1.578,1.578,1.669,1.669,
"Sep 09, 2002",1.55,1.55,1.514,1.514,1.614,1.614,1.703,1.703,
"Sep 16, 2002",1.505,1.505,1.468,1.468,1.57,1.57,1.657,1.657,
"Sep 23, 2002",1.549,1.549,1.511,1.511,1.613,1.613,1.709,1.709,
"Sep 30, 2002",1.538,1.538,1.501,1.501,1.604,1.604,1.69,1.69,
"Oct 07, 2002",1.609,1.609,1.575,1.575,1.666,1.666,1.754,1.754,
"Oct 14, 2002",1.564,1.564,1.528,1.528,1.626,1.626,1.719,1.719,
"Oct 21, 2002",1.629,1.629,1.594,1.594,1.688,1.688,1.778,1.778,
"Oct 28, 2002",1.599,1.599,1.563,1.563,1.659,1.659,1.753,1.753,
"Nov 04, 2002",1.583,1.583,1.548,1.548,1.643,1.643,1.735,1.735,
"Nov 11, 2002",1.581,1.581,1.545,1.545,1.644,1.644,1.736,1.736,
"Nov 18, 2002",1.505,1.505,1.468,1.468,1.566,1.566,1.666,1.666,
"Nov 25, 2002",1.451,1.451,1.414,1.414,1.513,1.513,1.605,1.605,
"Dec 02, 2002",1.419,1.419,1.381,1.381,1.483,1.483,1.581,1.581,
"Dec 09, 2002",1.401,1.401,1.365,1.365,1.461,1.461,1.552,1.552,
"Dec 16, 2002",1.417,1.417,1.381,1.381,1.476,1.476,1.571,1.571,
"Dec 23, 2002",1.469,1.469,1.434,1.434,1.524,1.524,1.618,1.618,
"Dec 30, 2002",1.536,1.536,1.502,1.502,1.593,1.593,1.681,1.681,
"Jan 06, 2003",1.509,1.509,1.473,1.473,1.569,1.569,1.661,1.661,
"Jan 13, 2003",1.539,1.539,1.504,1.504,1.595,1.595,1.686,1.686,
"Jan 20, 2003",1.558,1.558,1.521,1.521,1.622,1.622,1.716,1.716,
"Jan 27, 2003",1.554,1.554,1.518,1.518,1.617,1.617,1.708,1.708,
"Feb 03, 2003",1.603,1.603,1.566,1.566,1.665,1.665,1.764,1.764,
"Feb 10, 2003",1.672,1.672,1.633,1.633,1.736,1.736,1.835,1.835,
"Feb 17, 2003",1.751,1.751,1.712,1.712,1.815,1.815,1.915,1.915,
"Feb 24, 2003",1.759,1.759,1.721,1.721,1.821,1.821,1.919,1.919,
"Mar 03, 2003",1.783,1.783,1.746,1.746,1.847,1.847,1.941,1.941,
"Mar 10, 2003",1.822,1.822,1.785,1.785,1.886,1.886,1.979,1.979,
"Mar 17, 2003",1.792,1.792,1.756,1.756,1.857,1.857,1.943,1.943,
"Mar 24, 2003",1.729,1.729,1.691,1.691,1.793,1.793,1.89,1.89,
"Mar 31, 2003",1.644,1.644,1.606,1.606,1.708,1.708,1.806,1.806,
"Apr 07, 2003",1.624,1.624,1.584,1.584,1.688,1.688,1.79,1.79,
"Apr 14, 2003",1.566,1.566,1.526,1.526,1.632,1.632,1.738,1.738,
"Apr 21, 2003",1.595,1.595,1.559,1.559,1.653,1.653,1.752,1.752,
"Apr 28, 2003",1.645,1.645,1.609,1.609,1.704,1.704,1.803,1.803,
"May 05, 2003",1.553,1.553,1.516,1.516,1.613,1.613,1.716,1.716,
"May 12, 2003",1.55,1.55,1.511,1.511,1.613,1.613,1.718,1.718,
"May 19, 2003",1.604,1.604,1.566,1.566,1.666,1.666,1.769,1.769,
"May 26, 2003",1.63,1.63,1.591,1.591,1.691,1.691,1.794,1.794,
"Jun 02, 2003",1.594,1.594,1.556,1.556,1.656,1.656,1.758,1.758,
"Jun 09, 2003",1.67,1.67,1.632,1.632,1.733,1.733,1.833,1.833,
"Jun 16, 2003",1.675,1.675,1.637,1.637,1.739,1.739,1.838,1.838,
"Jun 23, 2003",1.608,1.608,1.57,1.57,1.674,1.674,1.773,1.773,
"Jun 30, 2003",1.568,1.568,1.53,1.53,1.631,1.631,1.73,1.73,
"Jul 07, 2003",1.573,1.573,1.535,1.535,1.636,1.636,1.735,1.735,
"Jul 14, 2003",1.614,1.614,1.576,1.576,1.677,1.677,1.776,1.776,
"Jul 21, 2003",1.652,1.652,1.615,1.615,1.716,1.716,1.816,1.816,
"Jul 28, 2003",1.583,1.583,1.545,1.545,1.646,1.646,1.746,1.746,
"Aug 04, 2003",1.648,1.648,1.61,1.61,1.712,1.712,1.812,1.812,
"Aug 11, 2003",1.668,1.668,1.63,1.63,1.731,1.731,1.83,1.83,
"Aug 18, 2003",1.711,1.711,1.673,1.673,1.775,1.775,1.875,1.875,
"Aug 25, 2003",1.874,1.874,1.837,1.837,1.937,1.937,2.036,2.036,
"Sep 01, 2003",1.844,1.844,1.807,1.807,1.907,1.907,2.007,2.007,
"Sep 08, 2003",1.847,1.847,1.811,1.811,1.907,1.907,2.004,2.004,
"Sep 15, 2003",1.844,1.844,1.806,1.806,1.907,1.907,2.006,2.006,
"Sep 22, 2003",1.762,1.762,1.724,1.724,1.827,1.827,1.927,1.927,
"Sep 29, 2003",1.696,1.696,1.658,1.658,1.761,1.761,1.856,1.856,
"Oct 06, 2003",1.681,1.681,1.645,1.645,1.744,1.744,1.84,1.84,
"Oct 13, 2003",1.709,1.709,1.672,1.672,1.773,1.773,1.87,1.87,
"Oct 20, 2003",1.702,1.702,1.665,1.665,1.765,1.765,1.865,1.865,
"Oct 27, 2003",1.665,1.665,1.627,1.627,1.73,1.73,1.829,1.829,
"Nov 03, 2003",1.705,1.705,1.667,1.667,1.768,1.768,1.868,1.868,
"Nov 10, 2003",1.639,1.639,1.601,1.601,1.702,1.702,1.802,1.802,
"Nov 17, 2003",1.603,1.603,1.566,1.566,1.666,1.666,1.763,1.763,
"Nov 24, 2003",1.624,1.624,1.586,1.586,1.688,1.688,1.787,1.787,
"Dec 01, 2003",1.591,1.591,1.553,1.553,1.657,1.657,1.757,1.757,
"Dec 08, 2003",1.575,1.575,1.538,1.538,1.639,1.639,1.737,1.737,
"Dec 15, 2003",1.575,1.575,1.538,1.538,1.638,1.638,1.736,1.736,
"Dec 22, 2003",1.584,1.584,1.546,1.546,1.647,1.647,1.747,1.747,
"Dec 29, 2003",1.557,1.557,1.519,1.519,1.62,1.62,1.719,1.719,
"Jan 05, 2004",1.603,1.603,1.565,1.565,1.666,1.666,1.765,1.765,
"Jan 12, 2004",1.652,1.652,1.615,1.615,1.714,1.714,1.811,1.811,
"Jan 19, 2004",1.7,1.7,1.663,1.663,1.763,1.763,1.862,1.862,
"Jan 26, 2004",1.75,1.75,1.713,1.713,1.812,1.812,1.911,1.911,
"Feb 02, 2004",1.714,1.714,1.676,1.676,1.778,1.778,1.877,1.877,
"Feb 09, 2004",1.757,1.757,1.72,1.72,1.822,1.822,1.915,1.915,
"Feb 16, 2004",1.759,1.759,1.722,1.722,1.823,1.823,1.922,1.922,
"Feb 23, 2004",1.774,1.774,1.737,1.737,1.837,1.837,1.932,1.932,
"Mar 01, 2004",1.791,1.791,1.755,1.755,1.854,1.854,1.951,1.951,
"Mar 08, 2004",1.809,1.809,1.773,1.773,1.872,1.872,1.969,1.969,
"Mar 15, 2004",1.753,1.753,1.715,1.715,1.82,1.82,1.915,1.915,
"Mar 22, 2004",1.795,1.795,1.758,1.758,1.857,1.857,1.957,1.957,
"Mar 29, 2004",1.861,1.861,1.825,1.825,1.922,1.922,2.019,2.019,
"Apr 05, 2004",1.878,1.878,1.842,1.842,1.94,1.94,2.035,2.035,
"Apr 12, 2004",1.893,1.893,1.855,1.855,1.956,1.956,2.055,2.055,
"Apr 19, 2004",1.925,1.925,1.888,1.888,1.986,1.986,2.083,2.083,
"Apr 26, 2004",1.934,1.934,1.897,1.897,1.996,1.996,2.094,2.094,
"May 03, 2004",1.991,1.991,1.954,1.954,2.053,2.053,2.152,2.152,
"May 10, 2004",2.051,2.051,2.014,2.014,2.113,2.113,2.212,2.212,
"May 17, 2004",2.187,2.187,2.149,2.149,2.25,2.25,2.35,2.35,
"May 24, 2004",2.213,2.213,2.176,2.176,2.276,2.276,2.374,2.374,
"May 31, 2004",2.174,2.174,2.136,2.136,2.237,2.237,2.336,2.336,
"Jun 07, 2004",2.146,2.146,2.109,2.109,2.209,2.209,2.308,2.308,
"Jun 14, 2004",2.065,2.065,2.027,2.027,2.13,2.13,2.23,2.23,
"Jun 21, 2004",1.99,1.99,1.951,1.951,2.055,2.055,2.155,2.155,
"Jun 28, 2004",1.974,1.974,1.936,1.936,2.039,2.039,2.138,2.138,
"Jul 05, 2004",1.955,1.955,1.918,1.918,2.016,2.016,2.116,2.116,
"Jul 12, 2004",1.983,1.983,1.945,1.945,2.047,2.047,2.147,2.147,
"Jul 19, 2004",2.016,2.016,1.98,1.98,2.078,2.078,2.174,2.174,
"Jul 26, 2004",1.974,1.974,1.937,1.937,2.037,2.037,2.134,2.134,
"Aug 02, 2004",1.95,1.95,1.912,1.912,2.014,2.014,2.114,2.114,
"Aug 09, 2004",1.97,1.97,1.932,1.932,2.032,2.032,2.135,2.135,
"Aug 16, 2004",1.991,1.991,1.953,1.953,2.055,2.055,2.153,2.153,
"Aug 23, 2004",1.994,1.994,1.957,1.957,2.057,2.057,2.157,2.157,
"Aug 30, 2004",1.945,1.945,1.908,1.908,2.008,2.008,2.107,2.107,
"Sep 06, 2004",1.905,1.905,1.868,1.868,1.97,1.97,2.068,2.068,
"Sep 13, 2004",1.924,1.924,1.886,1.886,1.987,1.987,2.087,2.087,
"Sep 20, 2004",1.958,1.958,1.92,1.92,2.021,2.021,2.122,2.122,
"Sep 27, 2004",2.017,2.017,1.979,1.979,2.08,2.08,2.18,2.18,
"Oct 04, 2004",2.009,2.009,1.972,1.972,2.071,2.071,2.174,2.174,
"Oct 11, 2004",2.072,2.072,2.034,2.034,2.137,2.137,2.234,2.234,
"Oct 18, 2004",2.121,2.121,2.083,2.083,2.186,2.186,2.283,2.283,
"Oct 25, 2004",2.097,2.097,2.059,2.059,2.161,2.161,2.257,2.257,
"Nov 01, 2004",2.129,2.129,2.091,2.091,2.194,2.194,2.291,2.291,
"Nov 08, 2004",2.077,2.077,2.04,2.04,2.142,2.142,2.238,2.238,
"Nov 15, 2004",2.021,2.021,1.983,1.983,2.085,2.085,2.187,2.187,
"Nov 22, 2004",1.993,1.993,1.954,1.954,2.06,2.06,2.161,2.161,
"Nov 29, 2004",2.013,2.013,1.975,1.975,2.076,2.076,2.178,2.178,
"Dec 06, 2004",1.969,1.969,1.929,1.929,2.039,2.039,2.141,2.141,
"Dec 13, 2004",1.867,1.867,1.829,1.829,1.931,1.931,2.03,2.03,
"Dec 20, 2004",1.846,1.846,1.808,1.808,1.908,1.908,2.009,2.009,
"Dec 27, 2004",1.805,1.805,1.768,1.768,1.867,1.867,1.965,1.965,
"Jan 03, 2005",1.816,1.816,1.779,1.779,1.878,1.878,1.978,1.978,
"Jan 10, 2005",1.881,1.881,1.844,1.844,1.944,1.944,2.045,2.045,
"Jan 17, 2005",1.899,1.899,1.864,1.864,1.958,1.958,2.054,2.054,
"Jan 24, 2005",1.923,1.923,1.886,1.886,1.985,1.985,2.086,2.086,
"Jan 31, 2005",1.978,1.978,1.94,1.94,2.039,2.039,2.143,2.143,
"Feb 07, 2005",1.973,1.973,1.936,1.936,2.035,2.035,2.135,2.135,
"Feb 14, 2005",1.937,1.937,1.9,1.9,1.999,1.999,2.099,2.099,
"Feb 21, 2005",1.944,1.944,1.907,1.907,2.006,2.006,2.11,2.11,
"Feb 28, 2005",1.997,1.997,1.959,1.959,2.06,2.06,2.161,2.161,
"Mar 07, 2005",2.116,2.116,2.078,2.078,2.179,2.179,2.281,2.281,
"Mar 14, 2005",2.158,2.158,2.121,2.121,2.22,2.22,2.321,2.321,
"Mar 21, 2005",2.231,2.231,2.193,2.193,2.293,2.293,2.391,2.391,
"Mar 28, 2005",2.235,2.235,2.197,2.197,2.297,2.297,2.396,2.396,
"Apr 04, 2005",2.315,2.315,2.278,2.278,2.377,2.377,2.475,2.475,
"Apr 11, 2005",2.371,2.371,2.334,2.334,2.433,2.433,2.533,2.533,
"Apr 18, 2005",2.308,2.308,2.27,2.27,2.372,2.372,2.472,2.472,
"Apr 25, 2005",2.315,2.315,2.278,2.278,2.378,2.378,2.477,2.477,
"May 02, 2005",2.301,2.301,2.264,2.264,2.364,2.364,2.462,2.462,
"May 09, 2005",2.243,2.243,2.205,2.205,2.308,2.308,2.405,2.405,
"May 16, 2005",2.241,2.241,2.204,2.204,2.303,2.303,2.403,2.403,
"May 23, 2005",2.174,2.174,2.137,2.137,2.238,2.238,2.338,2.338,
"May 30, 2005",2.143,2.143,2.106,2.106,2.209,2.209,2.307,2.307,
"Jun 06, 2005",2.165,2.165,2.127,2.127,2.228,2.228,2.328,2.328,
"Jun 13, 2005",2.184,2.184,2.147,2.147,2.244,2.244,2.344,2.344,
"Jun 20, 2005",2.229,2.229,2.192,2.192,2.292,2.292,2.392,2.392,
"Jun 27, 2005",2.334,2.334,2.297,2.297,2.396,2.396,2.497,2.497,
"Jul 04, 2005",2.363,2.363,2.325,2.325,2.428,2.428,2.529,2.529,
"Jul 11, 2005",2.462,2.462,2.424,2.424,2.525,2.525,2.625,2.625,
"Jul 18, 2005",2.423,2.423,2.386,2.386,2.484,2.484,2.585,2.585,
"Jul 25, 2005",2.402,2.402,2.365,2.365,2.465,2.465,2.567,2.567,
"Aug 01, 2005",2.396,2.396,2.359,2.359,2.458,2.458,2.557,2.557,
"Aug 08, 2005",2.501,2.501,2.464,2.464,2.563,2.563,2.663,2.663,
"Aug 15, 2005",2.723,2.723,2.686,2.686,2.784,2.784,2.884,2.884,
"Aug 22, 2005",2.823,2.823,2.786,2.786,2.885,2.885,2.985,2.985,
"Aug 29, 2005",2.817,2.817,2.78,2.78,2.882,2.882,2.979,2.979,
"Sep 05, 2005",3.111,3.111,3.074,3.074,3.173,3.173,3.273,3.273,
"Sep 12, 2005",3.005,3.005,2.967,2.967,3.069,3.069,3.17,3.17,
"Sep 19, 2005",2.846,2.846,2.808,2.808,2.911,2.911,3.013,3.013,
"Sep 26, 2005",2.825,2.825,2.786,2.786,2.891,2.891,2.993,2.993,
"Oct 03, 2005",2.95,2.95,2.912,2.912,3.017,3.017,3.116,3.116,
"Oct 10, 2005",2.87,2.87,2.832,2.832,2.935,2.935,3.035,3.035,
"Oct 17, 2005",2.777,2.777,2.739,2.739,2.843,2.843,2.944,2.944,
"Oct 24, 2005",2.665,2.665,2.627,2.627,2.73,2.73,2.83,2.83,
"Oct 31, 2005",2.579,2.579,2.54,2.54,2.644,2.644,2.746,2.746,
"Nov 07, 2005",2.474,2.474,2.435,2.435,2.539,2.539,2.643,2.643,
"Nov 14, 2005",2.374,2.374,2.335,2.335,2.442,2.442,2.538,2.538,
"Nov 21, 2005",2.278,2.278,2.239,2.239,2.343,2.343,2.444,2.444,
"Nov 28, 2005",2.22,2.22,2.181,2.181,2.286,2.286,2.388,2.388,
"Dec 05, 2005",2.267,2.267,2.229,2.229,2.33,2.33,2.43,2.43,
"Dec 12, 2005",2.277,2.277,2.24,2.24,2.341,2.341,2.441,2.441,
"Dec 19, 2005",2.331,2.331,2.294,2.294,2.395,2.395,2.495,2.495,
"Dec 26, 2005",2.342,2.342,2.304,2.304,2.406,2.406,2.506,2.506,
"Jan 02, 2006",2.358,2.358,2.321,2.321,2.42,2.42,2.52,2.52,
"Jan 09, 2006",2.438,2.438,2.401,2.401,2.5,2.5,2.6,2.6,
"Jan 16, 2006",2.397,2.397,2.359,2.359,2.462,2.462,2.563,2.563,
"Jan 23, 2006",2.389,2.389,2.351,2.351,2.451,2.451,2.55,2.55,
"Jan 30, 2006",2.368,2.368,2.33,2.33,2.43,2.43,2.53,2.53,
"Feb 06, 2006",2.37,2.37,2.333,2.333,2.433,2.433,2.533,2.533,
"Feb 13, 2006",2.31,2.31,2.272,2.272,2.375,2.375,2.476,2.476,
"Feb 20, 2006",2.281,2.281,2.243,2.243,2.345,2.345,2.447,2.447,
"Feb 27, 2006",2.304,2.304,2.267,2.267,2.367,2.367,2.466,2.466,
"Mar 06, 2006",2.495,2.495,2.458,2.458,2.559,2.559,2.66,2.66,
"Mar 13, 2006",2.489,2.489,2.452,2.452,2.552,2.552,2.653,2.653,
"Mar 20, 2006",2.591,2.591,2.553,2.553,2.654,2.654,2.756,2.756,
"Mar 27, 2006",2.574,2.574,2.538,2.538,2.629,2.629,2.735,2.735,
"Apr 03, 2006",2.704,2.704,2.666,2.666,2.77,2.77,2.869,2.869,
"Apr 10, 2006",2.785,2.785,2.747,2.747,2.847,2.847,2.949,2.949,
"Apr 17, 2006",2.888,2.888,2.85,2.85,2.951,2.951,3.052,3.052,
"Apr 24, 2006",3.004,3.004,2.966,2.966,3.065,3.065,3.169,3.169,
"May 01, 2006",2.981,2.981,2.942,2.942,3.045,3.045,3.146,3.146,
"May 08, 2006",2.951,2.951,2.913,2.913,3.014,3.014,3.116,3.116,
"May 15, 2006",3.023,3.023,2.986,2.986,3.086,3.086,3.186,3.186,
"May 22, 2006",2.972,2.972,2.933,2.933,3.037,3.037,3.138,3.138,
"May 29, 2006",2.965,2.965,2.927,2.927,3.029,3.029,3.129,3.129,
"Jun 05, 2006",3.001,3.001,2.963,2.963,3.064,3.064,3.164,3.164,
"Jun 12, 2006",3.021,3.021,2.983,2.983,3.085,3.085,3.184,3.184,
"Jun 19, 2006",3.042,3.042,3.003,3.003,3.107,3.107,3.207,3.207,
"Jun 26, 2006",3.093,3.093,3.055,3.055,3.158,3.158,3.26,3.26,
"Jul 03, 2006",3.161,3.161,3.124,3.124,3.225,3.225,3.325,3.325,
"Jul 10, 2006",3.235,3.235,3.198,3.198,3.3,3.3,3.398,3.398,
"Jul 17, 2006",3.247,3.247,3.209,3.209,3.31,3.31,3.41,3.41,
"Jul 24, 2006",3.234,3.234,3.196,3.196,3.298,3.298,3.398,3.398,
"Jul 31, 2006",3.27,3.27,3.231,3.231,3.333,3.333,3.435,3.435,
"Aug 07, 2006",3.276,3.276,3.237,3.237,3.341,3.341,3.443,3.443,
"Aug 14, 2006",3.249,3.249,3.21,3.21,3.315,3.315,3.417,3.417,
"Aug 21, 2006",3.191,3.191,3.152,3.152,3.258,3.258,3.36,3.36,
"Aug 28, 2006",3.118,3.118,3.079,3.079,3.183,3.183,3.285,3.285,
"Sep 04, 2006",2.978,2.978,2.937,2.937,3.048,3.048,3.15,3.15,
"Sep 11, 2006",2.865,2.865,2.825,2.825,2.935,2.935,3.035,3.035,
"Sep 18, 2006",2.733,2.733,2.693,2.693,2.802,2.802,2.904,2.904,
"Sep 25, 2006",2.593,2.593,2.552,2.552,2.662,2.662,2.768,2.768,
"Oct 02, 2006",2.473,2.473,2.433,2.433,2.543,2.543,2.648,2.648,
"Oct 09, 2006",2.37,2.37,2.33,2.33,2.441,2.441,2.542,2.542,
"Oct 16, 2006",2.3,2.3,2.26,2.26,2.369,2.369,2.472,2.472,
"Oct 23, 2006",2.267,2.267,2.228,2.228,2.335,2.335,2.437,2.437,
"Oct 30, 2006",2.307,2.307,2.269,2.269,2.37,2.37,2.472,2.472,
"Nov 06, 2006",2.315,2.315,2.276,2.276,2.38,2.38,2.483,2.483,
"Nov 13, 2006",2.351,2.351,2.311,2.311,2.417,2.417,2.522,2.522,
"Nov 20, 2006",2.314,2.314,2.274,2.274,2.383,2.383,2.486,2.486,
"Nov 27, 2006",2.337,2.337,2.297,2.297,2.406,2.406,2.509,2.509,
"Dec 04, 2006",2.37,2.37,2.332,2.332,2.435,2.435,2.537,2.537,
"Dec 11, 2006",2.354,2.354,2.315,2.315,2.421,2.421,2.522,2.522,
"Dec 18, 2006",2.368,2.368,2.33,2.33,2.434,2.434,2.535,2.535,
"Dec 25, 2006",2.409,2.409,2.371,2.371,2.475,2.475,2.577,2.577,
"Jan 01, 2007",2.383,2.383,2.344,2.344,2.45,2.45,2.552,2.552,
"Jan 08, 2007",2.347,2.347,2.308,2.308,2.413,2.413,2.515,2.515,
"Jan 15, 2007",2.265,2.265,2.226,2.226,2.331,2.331,2.435,2.435,
"Jan 22, 2007",2.171,2.171,2.132,2.132,2.238,2.238,2.339,2.339,
"Jan 29, 2007",2.199,2.199,2.161,2.161,2.264,2.264,2.364,2.364,
"Feb 05, 2007",2.295,2.295,2.256,2.256,2.361,2.361,2.462,2.462,
"Feb 12, 2007",2.319,2.319,2.282,2.282,2.382,2.382,2.483,2.483,
"Feb 19, 2007",2.398,2.398,2.36,2.36,2.464,2.464,2.564,2.564,
"Feb 26, 2007",2.501,2.501,2.462,2.462,2.566,2.566,2.669,2.669,
"Mar 05, 2007",2.566,2.566,2.529,2.529,2.631,2.631,2.727,2.727,
"Mar 12, 2007",2.54,2.54,2.502,2.502,2.606,2.606,2.708,2.708,
"Mar 19, 2007",2.556,2.556,2.517,2.517,2.623,2.623,2.723,2.723,
"Mar 26, 2007",2.614,2.614,2.575,2.575,2.68,2.68,2.782,2.782,
"Apr 02, 2007",2.725,2.725,2.687,2.687,2.79,2.79,2.89,2.89,
"Apr 09, 2007",2.898,2.898,2.86,2.86,2.961,2.961,3.063,3.063,
"Apr 16, 2007",3.013,3.013,2.974,2.974,3.08,3.08,3.183,3.183,
"Apr 23, 2007",2.973,2.973,2.933,2.933,3.043,3.043,3.142,3.142,
"Apr 30, 2007",3.132,3.132,3.093,3.093,3.2,3.2,3.3,3.3,
"May 07, 2007",3.359,3.359,3.319,3.319,3.428,3.428,3.53,3.53,
"May 14, 2007",3.408,3.408,3.367,3.367,3.481,3.481,3.583,3.583,
"May 21, 2007",3.573,3.573,3.532,3.532,3.643,3.643,3.747,3.747,
"May 28, 2007",3.661,3.661,3.621,3.621,3.734,3.734,3.832,3.832,
"Jun 04, 2007",3.607,3.607,3.565,3.565,3.683,3.683,3.782,3.782,
"Jun 11, 2007",3.5,3.5,3.459,3.459,3.573,3.573,3.676,3.676,
"Jun 18, 2007",3.38,3.38,3.338,3.338,3.455,3.455,3.558,3.558,
"Jun 25, 2007",3.279,3.279,3.238,3.238,3.352,3.352,3.454,3.454,
"Jul 02, 2007",3.202,3.202,3.161,3.161,3.276,3.276,3.381,3.381,
"Jul 09, 2007",3.189,3.189,3.149,3.149,3.261,3.261,3.363,3.363,
"Jul 16, 2007",3.425,3.425,3.384,3.384,3.496,3.496,3.597,3.597,
"Jul 23, 2007",3.302,3.302,3.26,3.26,3.378,3.378,3.486,3.486,
"Jul 30, 2007",3.182,3.182,3.137,3.137,3.264,3.264,3.369,3.369,
"Aug 06, 2007",3.106,3.106,3.064,3.064,3.182,3.182,3.284,3.284,
"Aug 13, 2007",3.035,3.035,2.993,2.993,3.109,3.109,3.212,3.212,
"Aug 20, 2007",3.116,3.116,3.075,3.075,3.19,3.19,3.291,3.291,
"Aug 27, 2007",3.072,3.072,3.031,3.031,3.143,3.143,3.246,3.246,
"Sep 03, 2007",3.243,3.243,3.202,3.202,3.312,3.312,3.417,3.417,
"Sep 10, 2007",3.251,3.251,3.21,3.21,3.325,3.325,3.426,3.426,
"Sep 17, 2007",3.156,3.156,3.115,3.115,3.229,3.229,3.334,3.334,
"Sep 24, 2007",3.096,3.096,3.054,3.054,3.168,3.168,3.274,3.274,
"Oct 01, 2007",3.011,3.011,2.969,2.969,3.083,3.083,3.192,3.192,
"Oct 08, 2007",2.944,2.944,2.902,2.902,3.019,3.019,3.123,3.123,
"Oct 15, 2007",2.884,2.884,2.842,2.842,2.958,2.958,3.066,3.066,
"Oct 22, 2007",2.898,2.898,2.857,2.857,2.971,2.971,3.073,3.073,
"Oct 29, 2007",2.951,2.951,2.91,2.91,3.025,3.025,3.127,3.127,
"Nov 05, 2007",3.17,3.17,3.13,3.13,3.239,3.239,3.341,3.341,
"Nov 12, 2007",3.218,3.218,3.179,3.179,3.286,3.286,3.389,3.389,
"Nov 19, 2007",3.18,3.18,3.139,3.139,3.251,3.251,3.354,3.354,
"Nov 26, 2007",3.163,3.163,3.123,3.123,3.235,3.235,3.336,3.336,
"Dec 03, 2007",3.129,3.129,3.089,3.089,3.199,3.199,3.305,3.305,
"Dec 10, 2007",3.067,3.067,3.028,3.028,3.137,3.137,3.239,3.239,
"Dec 17, 2007",3.092,3.092,3.052,3.052,3.162,3.162,3.263,3.263,
"Dec 24, 2007",3.072,3.072,3.032,3.032,3.142,3.142,3.244,3.244,
"Dec 31, 2007",3.177,3.177,3.137,3.137,3.249,3.249,3.349,3.349,
"Jan 07, 2008",3.267,3.267,3.227,3.227,3.337,3.337,3.438,3.438,
"Jan 14, 2008",3.203,3.203,3.162,3.162,3.276,3.276,3.377,3.377,
"Jan 21, 2008",3.132,3.132,3.091,3.091,3.206,3.206,3.308,3.308,
"Jan 28, 2008",3.097,3.097,3.056,3.056,3.168,3.168,3.271,3.271,
"Feb 04, 2008",3.112,3.112,3.071,3.071,3.184,3.184,3.286,3.286,
"Feb 11, 2008",3.091,3.091,3.051,3.051,3.161,3.161,3.26,3.26,
"Feb 18, 2008",3.209,3.209,3.17,3.17,3.28,3.28,3.377,3.377,
"Feb 25, 2008",3.208,3.208,3.167,3.167,3.28,3.28,3.383,3.383,
"Mar 03, 2008",3.196,3.196,3.155,3.155,3.27,3.27,3.372,3.372,
"Mar 10, 2008",3.312,3.312,3.272,3.272,3.384,3.384,3.484,3.484,
"Mar 17, 2008",3.418,3.418,3.378,3.378,3.492,3.492,3.591,3.591,
"Mar 24, 2008",3.408,3.408,3.366,3.366,3.48,3.48,3.584,3.584,
"Mar 31, 2008",3.485,3.485,3.444,3.444,3.56,3.56,3.662,3.662,
"Apr 07, 2008",3.528,3.528,3.486,3.486,3.604,3.604,3.706,3.706,
"Apr 14, 2008",3.606,3.606,3.566,3.566,3.676,3.676,3.776,3.776,
"Apr 21, 2008",3.732,3.732,3.692,3.692,3.803,3.803,3.907,3.907,
"Apr 28, 2008",3.793,3.793,3.753,3.753,3.862,3.862,3.965,3.965,
"May 05, 2008",3.826,3.826,3.785,3.785,3.896,3.896,4,4,
"May 12, 2008",3.986,3.986,3.944,3.944,4.059,4.059,4.162,4.162,
"May 19, 2008",4.06,4.06,4.019,4.019,4.129,4.129,4.238,4.238,
"May 26, 2008",4.213,4.213,4.172,4.172,4.283,4.283,4.39,4.39,
"Jun 02, 2008",4.217,4.217,4.176,4.176,4.289,4.289,4.396,4.396,
"Jun 09, 2008",4.213,4.213,4.171,4.171,4.284,4.284,4.392,4.392,
"Jun 16, 2008",4.222,4.222,4.181,4.181,4.292,4.292,4.399,4.399,
"Jun 23, 2008",4.256,4.256,4.216,4.216,4.325,4.325,4.429,4.429,
"Jun 30, 2008",4.244,4.244,4.201,4.201,4.318,4.318,4.424,4.424,
"Jul 07, 2008",4.343,4.343,4.303,4.303,4.412,4.412,4.519,4.519,
"Jul 14, 2008",4.341,4.341,4.3,4.3,4.414,4.414,4.517,4.517,
"Jul 21, 2008",4.269,4.269,4.225,4.225,4.347,4.347,4.453,4.453,
"Jul 28, 2008",4.13,4.13,4.084,4.084,4.219,4.219,4.32,4.32,
"Aug 04, 2008",4.064,4.064,4.022,4.022,4.14,4.14,4.244,4.244,
"Aug 11, 2008",4.046,4.046,4.004,4.004,4.12,4.12,4.224,4.224,
"Aug 18, 2008",4.072,4.072,4.031,4.031,4.146,4.146,4.246,4.246,
"Aug 25, 2008",4.061,4.061,4.021,4.021,4.131,4.131,4.233,4.233,
"Sep 01, 2008",3.987,3.987,3.946,3.946,4.061,4.061,4.166,4.166,
"Sep 08, 2008",3.949,3.949,3.908,3.908,4.024,4.024,4.127,4.127,
"Sep 15, 2008",4.337,4.337,4.298,4.298,4.404,4.404,4.505,4.505,
"Sep 22, 2008",4.095,4.095,4.054,4.054,4.17,4.17,4.273,4.273,
"Sep 29, 2008",3.956,3.956,3.914,3.914,4.032,4.032,4.138,4.138,
"Oct 06, 2008",3.794,3.794,3.752,3.752,3.869,3.869,3.973,3.973,
"Oct 13, 2008",3.506,3.506,3.464,3.464,3.582,3.582,3.688,3.688,
"Oct 20, 2008",3.246,3.246,3.201,3.201,3.329,3.329,3.432,3.432,
"Oct 27, 2008",2.95,2.95,2.908,2.908,3.023,3.023,3.127,3.127,
"Nov 03, 2008",2.669,2.669,2.628,2.628,2.739,2.739,2.845,2.845,
"Nov 10, 2008",2.447,2.447,2.406,2.406,2.519,2.519,2.623,2.623,
"Nov 17, 2008",2.237,2.237,2.198,2.198,2.304,2.304,2.406,2.406,
"Nov 24, 2008",1.971,1.971,1.932,1.932,2.039,2.039,2.142,2.142,
"Dec 01, 2008",1.816,1.816,1.777,1.777,1.888,1.888,1.986,1.986,
"Dec 08, 2008",1.692,1.692,1.652,1.652,1.762,1.762,1.864,1.864,
"Dec 15, 2008",1.763,1.763,1.725,1.725,1.829,1.829,1.928,1.928,
"Dec 22, 2008",1.771,1.771,1.732,1.732,1.837,1.837,1.939,1.939,
"Dec 29, 2008",1.726,1.726,1.687,1.687,1.795,1.795,1.895,1.895,
"Jan 05, 2009",1.904,1.904,1.866,1.866,1.97,1.97,2.071,2.071,
"Jan 12, 2009",2.004,2.004,1.966,1.966,2.067,2.067,2.167,2.167,
"Jan 19, 2009",2.051,2.051,2.011,2.011,2.121,2.121,2.222,2.222,
"Jan 26, 2009",1.988,1.988,1.949,1.949,2.054,2.054,2.157,2.157,
"Feb 02, 2009",1.962,1.962,1.922,1.922,2.03,2.03,2.134,2.134,
"Feb 09, 2009",1.957,1.957,1.918,1.918,2.025,2.025,2.127,2.127,
"Feb 16, 2009",2.036,2.036,1.997,1.997,2.102,2.102,2.202,2.202,
"Feb 23, 2009",1.956,1.956,1.916,1.916,2.024,2.024,2.128,2.128,
"Mar 02, 2009",2,2,1.96,1.96,2.068,2.068,2.172,2.172,
"Mar 09, 2009",2.07,2.07,2.032,2.032,2.133,2.133,2.237,2.237,
"Mar 16, 2009",1.98,1.98,1.94,1.94,2.05,2.05,2.152,2.152,
"Mar 23, 2009",2.097,2.097,2.057,2.057,2.165,2.165,2.267,2.267,
"Mar 30, 2009",2.179,2.179,2.14,2.14,2.245,2.245,2.348,2.348,
"Apr 06, 2009",2.14,2.14,2.1,2.1,2.207,2.207,2.31,2.31,
"Apr 13, 2009",2.182,2.182,2.144,2.144,2.247,2.247,2.35,2.35,
"Apr 20, 2009",2.178,2.178,2.14,2.14,2.243,2.243,2.347,2.347,
"Apr 27, 2009",2.228,2.228,2.187,2.187,2.3,2.3,2.4,2.4,
"May 04, 2009",2.295,2.295,2.256,2.256,2.361,2.361,2.464,2.464,
"May 11, 2009",2.556,2.556,2.518,2.518,2.619,2.619,2.725,2.725,
"May 18, 2009",2.609,2.609,2.569,2.569,2.678,2.678,2.781,2.781,
"May 25, 2009",2.684,2.684,2.644,2.644,2.753,2.753,2.855,2.855,
"Jun 01, 2009",2.785,2.785,2.746,2.746,2.85,2.85,2.952,2.952,
"Jun 08, 2009",2.962,2.962,2.922,2.922,3.029,3.029,3.131,3.131,
"Jun 15, 2009",2.907,2.907,2.866,2.866,2.978,2.978,3.084,3.084,
"Jun 22, 2009",2.917,2.917,2.877,2.877,2.986,2.986,3.092,3.092,
"Jun 29, 2009",2.863,2.863,2.822,2.822,2.935,2.935,3.039,3.039,
"Jul 06, 2009",2.807,2.807,2.766,2.766,2.881,2.881,2.986,2.986,
"Jul 13, 2009",2.699,2.699,2.659,2.659,2.767,2.767,2.873,2.873,
"Jul 20, 2009",2.631,2.631,2.589,2.589,2.702,2.702,2.81,2.81,
"Jul 27, 2009",2.658,2.658,2.616,2.616,2.731,2.731,2.837,2.837,
"Aug 03, 2009",2.711,2.711,2.67,2.67,2.779,2.779,2.886,2.886,
"Aug 10, 2009",2.775,2.775,2.735,2.735,2.844,2.844,2.946,2.946,
"Aug 17, 2009",2.734,2.734,2.693,2.693,2.805,2.805,2.911,2.911,
"Aug 24, 2009",2.746,2.746,2.706,2.706,2.815,2.815,2.917,2.917,
"Aug 31, 2009",2.724,2.724,2.683,2.683,2.794,2.794,2.898,2.898,
"Sep 07, 2009",2.67,2.67,2.63,2.63,2.738,2.738,2.842,2.842,
"Sep 14, 2009",2.666,2.666,2.626,2.626,2.734,2.734,2.836,2.836,
"Sep 21, 2009",2.635,2.635,2.595,2.595,2.703,2.703,2.806,2.806,
"Sep 28, 2009",2.564,2.564,2.524,2.524,2.635,2.635,2.737,2.737,
"Oct 05, 2009",2.537,2.537,2.498,2.498,2.605,2.605,2.708,2.708,
"Oct 12, 2009",2.598,2.598,2.558,2.558,2.668,2.668,2.774,2.774,
"Oct 19, 2009",2.7,2.7,2.66,2.66,2.77,2.77,2.876,2.876,
"Oct 26, 2009",2.864,2.864,2.824,2.824,2.934,2.934,3.036,3.036,
"Nov 02, 2009",2.872,2.872,2.832,2.832,2.941,2.941,3.047,3.047,
"Nov 09, 2009",2.834,2.834,2.793,2.793,2.906,2.906,3.01,3.01,
"Nov 16, 2009",2.772,2.772,2.731,2.731,2.844,2.844,2.953,2.953,
"Nov 23, 2009",2.755,2.755,2.716,2.716,2.823,2.823,2.927,2.927,
"Nov 30, 2009",2.749,2.749,2.708,2.708,2.818,2.818,2.924,2.924,
"Dec 07, 2009",2.732,2.732,2.69,2.69,2.803,2.803,2.908,2.908,
"Dec 14, 2009",2.714,2.714,2.672,2.672,2.785,2.785,2.892,2.892,
"Dec 21, 2009",2.733,2.733,2.692,2.692,2.803,2.803,2.907,2.907,
"Dec 28, 2009",2.771,2.771,2.731,2.731,2.84,2.84,2.944,2.944,
"Jan 04, 2010",2.828,2.828,2.788,2.788,2.895,2.895,3,3,
"Jan 11, 2010",2.925,2.925,2.884,2.884,2.994,2.994,3.099,3.099,
"Jan 18, 2010",2.886,2.886,2.846,2.846,2.957,2.957,3.062,3.062,
"Jan 25, 2010",2.84,2.84,2.799,2.799,2.912,2.912,3.017,3.017,
"Feb 01, 2010",2.782,2.782,2.741,2.741,2.855,2.855,2.961,2.961,
"Feb 08, 2010",2.754,2.754,2.713,2.713,2.826,2.826,2.932,2.932,
"Feb 15, 2010",2.7,2.7,2.66,2.66,2.768,2.768,2.876,2.876,
"Feb 22, 2010",2.836,2.836,2.794,2.794,2.908,2.908,3.014,3.014,
"Mar 01, 2010",2.83,2.83,2.79,2.79,2.899,2.899,3.004,3.004,
"Mar 08, 2010",2.862,2.862,2.823,2.823,2.931,2.931,3.033,3.033,
"Mar 15, 2010",2.92,2.92,2.88,2.88,2.987,2.987,3.092,3.092,
"Mar 22, 2010",3.062,3.062,3.022,3.022,3.131,3.131,3.235,3.235,
"Mar 29, 2010",3.02,3.02,2.979,2.979,3.094,3.094,3.199,3.199,
"Apr 05, 2010",3.081,3.081,3.04,3.04,3.151,3.151,3.255,3.255,
"Apr 12, 2010",3.091,3.091,3.05,3.05,3.163,3.163,3.269,3.269,
"Apr 19, 2010",3.125,3.125,3.085,3.085,3.197,3.197,3.301,3.301,
"Apr 26, 2010",3.112,3.112,3.072,3.072,3.182,3.182,3.282,3.282,
"May 03, 2010",3.168,3.168,3.126,3.126,3.242,3.242,3.346,3.346,
"May 10, 2010",3.162,3.162,3.119,3.119,3.239,3.239,3.341,3.341,
"May 17, 2010",3.11,3.11,3.068,3.068,3.186,3.186,3.291,3.291,
"May 24, 2010",3.019,3.019,2.975,2.975,3.098,3.098,3.204,3.204,
"May 31, 2010",2.961,2.961,2.917,2.917,3.041,3.041,3.151,3.151,
"Jun 07, 2010",2.939,2.939,2.896,2.896,3.017,3.017,3.121,3.121,
"Jun 14, 2010",2.905,2.905,2.863,2.863,2.982,2.982,3.088,3.088,
"Jun 21, 2010",2.965,2.965,2.922,2.922,3.043,3.043,3.148,3.148,
"Jun 28, 2010",2.964,2.964,2.921,2.921,3.04,3.04,3.15,3.15,
"Jul 05, 2010",2.904,2.904,2.859,2.859,2.984,2.984,3.096,3.096,
"Jul 12, 2010",2.896,2.896,2.852,2.852,2.974,2.974,3.081,3.081,
"Jul 19, 2010",2.916,2.916,2.874,2.874,2.99,2.99,3.096,3.096,
"Jul 26, 2010",2.976,2.976,2.933,2.933,3.053,3.053,3.157,3.157,
"Aug 02, 2010",2.927,2.927,2.882,2.882,3.006,3.006,3.115,3.115,
"Aug 09, 2010",2.968,2.968,2.925,2.925,3.045,3.045,3.153,3.153,
"Aug 16, 2010",2.922,2.922,2.878,2.878,3.002,3.002,3.108,3.108,
"Aug 23, 2010",2.876,2.876,2.833,2.833,2.955,2.955,3.06,3.06,
"Aug 30, 2010",2.836,2.836,2.793,2.793,2.912,2.912,3.021,3.021,
"Sep 06, 2010",2.903,2.903,2.86,2.86,2.977,2.977,3.083,3.083,
"Sep 13, 2010",3.06,3.06,3.018,3.018,3.132,3.132,3.241,3.241,
"Sep 20, 2010",3.019,3.019,2.977,2.977,3.093,3.093,3.201,3.201,
"Sep 27, 2010",2.948,2.948,2.905,2.905,3.023,3.023,3.13,3.13,
"Oct 04, 2010",2.958,2.958,2.916,2.916,3.03,3.03,3.137,3.137,
"Oct 11, 2010",3.007,3.007,2.965,2.965,3.081,3.081,3.187,3.187,
"Oct 18, 2010",3.032,3.032,2.989,2.989,3.107,3.107,3.214,3.214,
"Oct 25, 2010",2.987,2.987,2.944,2.944,3.065,3.065,3.169,3.169,
"Nov 01, 2010",2.939,2.939,2.895,2.895,3.018,3.018,3.123,3.123,
"Nov 08, 2010",3.11,3.11,3.068,3.068,3.185,3.185,3.289,3.289,
"Nov 15, 2010",3.118,3.118,3.076,3.076,3.192,3.192,3.298,3.298,
"Nov 22, 2010",3.056,3.056,3.014,3.014,3.13,3.13,3.237,3.237,
"Nov 29, 2010",3.023,3.023,2.981,2.981,3.097,3.097,3.203,3.203,
"Dec 06, 2010",3.109,3.109,3.066,3.066,3.184,3.184,3.289,3.289,
"Dec 13, 2010",3.097,3.097,3.054,3.054,3.172,3.172,3.28,3.28,
"Dec 20, 2010",3.149,3.149,3.107,3.107,3.225,3.225,3.33,3.33,
"Dec 27, 2010",3.288,3.288,3.246,3.246,3.36,3.36,3.468,3.468,
"Jan 03, 2011",3.303,3.303,3.261,3.261,3.376,3.376,3.481,3.481,
"Jan 10, 2011",3.316,3.316,3.274,3.274,3.39,3.39,3.495,3.495,
"Jan 17, 2011",3.283,3.283,3.24,3.24,3.361,3.361,3.463,3.463,
"Jan 24, 2011",3.27,3.27,3.227,3.227,3.345,3.345,3.451,3.451,
"Jan 31, 2011",3.286,3.286,3.245,3.245,3.357,3.357,3.463,3.463,
"Feb 07, 2011",3.351,3.351,3.31,3.31,3.425,3.425,3.527,3.527,
"Feb 14, 2011",3.325,3.325,3.284,3.284,3.399,3.399,3.504,3.504,
"Feb 21, 2011",3.368,3.368,3.326,3.326,3.442,3.442,3.551,3.551,
"Feb 28, 2011",3.604,3.604,3.563,3.563,3.674,3.674,3.779,3.779,
"Mar 07, 2011",3.72,3.72,3.678,3.678,3.793,3.793,3.901,3.901,
"Mar 14, 2011",3.708,3.708,3.668,3.668,3.779,3.779,3.885,3.885,
"Mar 21, 2011",3.755,3.755,3.714,3.714,3.826,3.826,3.932,3.932,
"Mar 28, 2011",3.797,3.797,3.756,3.756,3.867,3.867,3.973,3.973,
"Apr 04, 2011",3.974,3.974,3.933,3.933,4.045,4.045,4.152,4.152,
"Apr 11, 2011",4.142,4.142,4.098,4.098,4.217,4.217,4.327,4.327,
"Apr 18, 2011",4.227,4.227,4.185,4.185,4.299,4.299,4.407,4.407,
"Apr 25, 2011",4.295,4.295,4.252,4.252,4.369,4.369,4.477,4.477,
"May 02, 2011",4.394,4.394,4.352,4.352,4.468,4.468,4.578,4.578,
"May 09, 2011",4.44,4.44,4.397,4.397,4.513,4.513,4.63,4.63,
"May 16, 2011",4.386,4.386,4.343,4.343,4.461,4.461,4.571,4.571,
"May 23, 2011",4.236,4.236,4.192,4.192,4.311,4.311,4.426,4.426,
"May 30, 2011",4.185,4.185,4.141,4.141,4.261,4.261,4.371,4.371,
"Jun 06, 2011",4.296,4.296,4.254,4.254,4.366,4.366,4.476,4.476,
"Jun 13, 2011",4.158,4.158,4.114,4.114,4.234,4.234,4.345,4.345,
"Jun 20, 2011",4.035,4.035,3.992,3.992,4.11,4.11,4.218,4.218,
"Jun 27, 2011",3.911,3.911,3.867,3.867,3.988,3.988,4.1,4.1,
"Jul 04, 2011",3.98,3.98,3.938,3.938,4.054,4.054,4.164,4.164,
"Jul 11, 2011",3.981,3.981,3.939,3.939,4.056,4.056,4.165,4.165,
"Jul 18, 2011",4.028,4.028,3.984,3.984,4.105,4.105,4.217,4.217,
"Jul 25, 2011",3.991,3.991,3.948,3.948,4.066,4.066,4.176,4.176,
"Aug 01, 2011",4.013,4.013,3.969,3.969,4.093,4.093,4.203,4.203,
"Aug 08, 2011",3.967,3.967,3.923,3.923,4.043,4.043,4.153,4.153,
"Aug 15, 2011",3.889,3.889,3.845,3.845,3.965,3.965,4.077,4.077,
"Aug 22, 2011",3.855,3.855,3.812,3.812,3.933,3.933,4.044,4.044,
"Aug 29, 2011",3.963,3.963,3.92,3.92,4.038,4.038,4.15,4.15,
"Sep 05, 2011",4.027,4.027,3.982,3.982,4.104,4.104,4.218,4.218,
"Sep 12, 2011",3.963,3.963,3.918,3.918,4.039,4.039,4.153,4.153,
"Sep 19, 2011",3.871,3.871,3.826,3.826,3.948,3.948,4.063,4.063,
"Sep 26, 2011",3.752,3.752,3.708,3.708,3.83,3.83,3.945,3.945,
"Oct 03, 2011",3.615,3.615,3.57,3.57,3.695,3.695,3.809,3.809,
"Oct 10, 2011",3.562,3.562,3.517,3.517,3.64,3.64,3.753,3.753,
"Oct 17, 2011",3.554,3.554,3.509,3.509,3.631,3.631,3.744,3.744,
"Oct 24, 2011",3.512,3.512,3.468,3.468,3.59,3.59,3.702,3.702,
"Oct 31, 2011",3.591,3.591,3.547,3.547,3.667,3.667,3.78,3.78,
"Nov 07, 2011",3.547,3.547,3.504,3.504,3.621,3.621,3.732,3.732,
"Nov 14, 2011",3.639,3.639,3.596,3.596,3.715,3.715,3.822,3.822,
"Nov 21, 2011",3.558,3.558,3.514,3.514,3.636,3.636,3.746,3.746,
"Nov 28, 2011",3.495,3.495,3.45,3.45,3.573,3.573,3.684,3.684,
"Dec 05, 2011",3.445,3.445,3.401,3.401,3.523,3.523,3.634,3.634,
"Dec 12, 2011",3.432,3.432,3.388,3.388,3.509,3.509,3.623,3.623,
"Dec 19, 2011",3.346,3.346,3.302,3.302,3.426,3.426,3.537,3.537,
"Dec 26, 2011",3.431,3.431,3.386,3.386,3.51,3.51,3.624,3.624,
"Jan 02, 2012",3.533,3.533,3.49,3.49,3.609,3.609,3.719,3.719,
"Jan 09, 2012",3.655,3.655,3.611,3.611,3.73,3.73,3.841,3.841,
"Jan 16, 2012",3.706,3.706,3.663,3.663,3.783,3.783,3.892,3.892,
"Jan 23, 2012",3.576,3.576,3.532,3.532,3.654,3.654,3.764,3.764,
"Jan 30, 2012",3.538,3.538,3.494,3.494,3.615,3.615,3.724,3.724,
"Feb 06, 2012",3.612,3.612,3.568,3.568,3.689,3.689,3.802,3.802,
"Feb 13, 2012",3.567,3.567,3.522,3.522,3.645,3.645,3.755,3.755,
"Feb 20, 2012",3.568,3.568,3.524,3.524,3.647,3.647,3.756,3.756,
"Feb 27, 2012",3.83,3.83,3.787,3.787,3.906,3.906,4.016,4.016,
"Mar 05, 2012",4.053,4.053,4.01,4.01,4.127,4.127,4.237,4.237,
"Mar 12, 2012",4.173,4.173,4.13,4.13,4.249,4.249,4.358,4.358,
"Mar 19, 2012",4.326,4.326,4.282,4.282,4.401,4.401,4.511,4.511,
"Mar 26, 2012",4.515,4.515,4.47,4.47,4.594,4.594,4.704,4.704,
"Apr 02, 2012",4.457,4.457,4.415,4.415,4.531,4.531,4.64,4.64,
"Apr 09, 2012",4.329,4.329,4.285,4.285,4.405,4.405,4.515,4.515,
"Apr 16, 2012",4.231,4.231,4.187,4.187,4.308,4.308,4.419,4.419,
"Apr 23, 2012",4.257,4.257,4.212,4.212,4.335,4.335,4.446,4.446,
"Apr 30, 2012",4.189,4.189,4.146,4.146,4.26,4.26,4.372,4.372,
"May 07, 2012",4.222,4.222,4.178,4.178,4.298,4.298,4.409,4.409,
"May 14, 2012",4.108,4.108,4.064,4.064,4.184,4.184,4.296,4.296,
"May 21, 2012",4.039,4.039,3.993,3.993,4.123,4.123,4.238,4.238,
"May 28, 2012",4.02,4.02,3.975,3.975,4.101,4.101,4.215,4.215,
"Jun 04, 2012",3.939,3.939,3.894,3.894,4.017,4.017,4.13,4.13,
"Jun 11, 2012",3.976,3.976,3.93,3.93,4.056,4.056,4.171,4.171,
"Jun 18, 2012",3.871,3.871,3.827,3.827,3.948,3.948,4.06,4.06,
"Jun 25, 2012",3.704,3.704,3.659,3.659,3.783,3.783,3.895,3.895,
"Jul 02, 2012",3.596,3.596,3.551,3.551,3.675,3.675,3.789,3.789,
"Jul 09, 2012",3.771,3.771,3.727,3.727,3.848,3.848,3.96,3.96,
"Jul 16, 2012",3.763,3.763,3.719,3.719,3.819,3.819,3.965,3.965,
"Jul 23, 2012",3.75,3.75,3.705,3.705,3.828,3.828,3.946,3.946,
"Jul 30, 2012",3.866,3.866,3.819,3.819,3.946,3.946,4.07,4.07,
"Aug 06, 2012",4.228,4.228,4.179,4.179,4.315,4.315,4.439,4.439,
"Aug 13, 2012",4.207,4.207,4.159,4.159,4.287,4.287,4.414,4.414,
"Aug 20, 2012",4.22,4.22,4.17,4.17,4.304,4.304,4.433,4.433,
"Aug 27, 2012",4.143,4.143,4.093,4.093,4.228,4.228,4.356,4.356,
"Sep 03, 2012",4.3,4.3,4.251,4.251,4.384,4.384,4.514,4.514,
"Sep 10, 2012",4.236,4.236,4.185,4.185,4.324,4.324,4.459,4.459,
"Sep 17, 2012",4.284,4.284,4.231,4.231,4.375,4.375,4.514,4.514,
"Sep 24, 2012",4.173,4.173,4.117,4.117,4.268,4.268,4.414,4.414,
"Oct 01, 2012",4.068,4.068,4.011,4.011,4.166,4.166,4.314,4.314,
"Oct 08, 2012",4.059,4.059,4.001,4.001,4.16,4.16,4.306,4.306,
"Oct 15, 2012",3.925,3.925,3.868,3.868,4.019,4.019,4.176,4.176,
"Oct 22, 2012",3.728,3.728,3.668,3.668,3.829,3.829,3.987,3.987,
"Oct 29, 2012",3.641,3.641,3.581,3.581,3.744,3.744,3.898,3.898,
"Nov 05, 2012",3.585,3.585,3.524,3.524,3.682,3.682,3.853,3.853,
"Nov 12, 2012",3.623,3.623,3.563,3.563,3.724,3.724,3.881,3.881,
"Nov 19, 2012",3.613,3.613,3.553,3.553,3.715,3.715,3.873,3.873,
"Nov 26, 2012",3.635,3.635,3.577,3.577,3.731,3.731,3.887,3.887,
"Dec 03, 2012",3.559,3.559,3.497,3.497,3.663,3.663,3.833,3.833,
"Dec 10, 2012",3.541,3.541,3.478,3.478,3.644,3.644,3.815,3.815,
"Dec 17, 2012",3.387,3.387,3.324,3.324,3.488,3.488,3.667,3.667,
"Dec 24, 2012",3.375,3.375,3.313,3.313,3.478,3.478,3.647,3.647,
"Dec 31, 2012",3.448,3.448,3.384,3.384,3.553,3.553,3.724,3.724,
"Jan 07, 2013",3.37,3.37,3.305,3.305,3.479,3.479,3.65,3.65,
"Jan 14, 2013",3.41,3.41,3.346,3.346,3.514,3.514,3.686,3.686,
"Jan 21, 2013",3.48,3.48,3.416,3.416,3.588,3.588,3.753,3.753,
"Jan 28, 2013",3.539,3.539,3.475,3.475,3.647,3.647,3.816,3.816,
"Feb 04, 2013",3.843,3.843,3.78,3.78,3.947,3.947,4.114,4.114,
"Feb 11, 2013",3.93,3.93,3.873,3.873,4.026,4.026,4.18,4.18,
"Feb 18, 2013",4.061,4.061,4.002,4.002,4.159,4.159,4.313,4.313,
"Feb 25, 2013",4.017,4.017,3.956,3.956,4.114,4.114,4.281,4.281,
"Mar 04, 2013",3.991,3.991,3.931,3.931,4.093,4.093,4.251,4.251,
"Mar 11, 2013",3.889,3.889,3.826,3.826,3.99,3.99,4.164,4.164,
"Mar 18, 2013",3.938,3.938,3.877,3.877,4.038,4.038,4.204,4.204,
"Mar 25, 2013",4.014,4.014,3.956,3.956,4.106,4.106,4.27,4.27,
"Apr 01, 2013",4.052,4.052,3.991,3.991,4.151,4.151,4.317,4.317,
"Apr 08, 2013",3.926,3.926,3.865,3.865,4.025,4.025,4.195,4.195,
"Apr 15, 2013",3.823,3.823,3.763,3.763,3.923,3.923,4.089,4.089,
"Apr 22, 2013",4.038,4.038,3.978,3.978,4.136,4.136,4.303,4.303,
"Apr 29, 2013",4.135,4.135,4.075,4.075,4.235,4.235,4.397,4.397,
"May 06, 2013",4.185,4.185,4.125,4.125,4.285,4.285,4.451,4.451,
"May 13, 2013",4.235,4.235,4.175,4.175,4.336,4.336,4.5,4.5,
"May 20, 2013",4.262,4.262,4.202,4.202,4.361,4.361,4.525,4.525,
"May 27, 2013",4.147,4.147,4.087,4.087,4.25,4.25,4.411,4.411,
"Jun 03, 2013",4.294,4.294,4.233,4.233,4.393,4.393,4.565,4.565,
"Jun 10, 2013",4.421,4.421,4.361,4.361,4.521,4.521,4.684,4.684,
"Jun 17, 2013",4.312,4.312,4.246,4.246,4.422,4.422,4.597,4.597,
"Jun 24, 2013",4.085,4.085,4.017,4.017,4.203,4.203,4.381,4.381,
"Jul 01, 2013",3.912,3.912,3.845,3.845,4.028,4.028,4.202,4.202,
"Jul 08, 2013",3.826,3.826,3.757,3.757,3.941,3.941,4.123,4.123,
"Jul 15, 2013",4.091,4.091,4.023,4.023,4.204,4.204,4.384,4.384,
"Jul 22, 2013",4.15,4.15,4.085,4.085,4.257,4.257,4.439,4.439,
"Jul 29, 2013",4.03,4.03,3.959,3.959,4.149,4.149,4.335,4.335,
"Aug 05, 2013",3.974,3.974,3.905,3.905,4.088,4.088,4.274,4.274,
"Aug 12, 2013",3.834,3.834,3.764,3.764,3.953,3.953,4.139,4.139,
"Aug 19, 2013",3.76,3.76,3.692,3.692,3.874,3.874,4.056,4.056,
"Aug 26, 2013",3.796,3.796,3.73,3.73,3.902,3.902,4.083,4.083,
"Sep 02, 2013",3.879,3.879,3.813,3.813,3.987,3.987,4.167,4.167,
"Sep 09, 2013",3.834,3.834,3.767,3.767,3.942,3.942,4.125,4.125,
"Sep 16, 2013",3.777,3.777,3.71,3.71,3.885,3.885,4.07,4.07,
"Sep 23, 2013",3.721,3.721,3.654,3.654,3.829,3.829,4.02,4.02,
"Sep 30, 2013",3.632,3.632,3.565,3.565,3.739,3.739,3.928,3.928,
"Oct 07, 2013",3.557,3.557,3.491,3.491,3.662,3.662,3.846,3.846,
"Oct 14, 2013",3.568,3.568,3.501,3.501,3.673,3.673,3.863,3.863,
"Oct 21, 2013",3.561,3.561,3.495,3.495,3.669,3.669,3.853,3.853,
"Oct 28, 2013",3.482,3.482,3.413,3.413,3.598,3.598,3.786,3.786,
"Nov 04, 2013",3.458,3.458,3.389,3.389,3.569,3.569,3.763,3.763,
"Nov 11, 2013",3.32,3.32,3.248,3.248,3.441,3.441,3.635,3.635,
"Nov 18, 2013",3.396,3.396,3.325,3.325,3.509,3.509,3.713,3.713,
"Nov 25, 2013",3.464,3.464,3.396,3.396,3.567,3.567,3.765,3.765,
"Dec 02, 2013",3.385,3.385,3.317,3.317,3.494,3.494,3.684,3.684,
"Dec 09, 2013",3.341,3.341,3.272,3.272,3.453,3.453,3.644,3.644,
"Dec 16, 2013",3.381,3.381,3.313,3.313,3.487,3.487,3.683,3.683,
"Dec 23, 2013",3.464,3.464,3.396,3.396,3.572,3.572,3.76,3.76,
"Dec 30, 2013",3.515,3.515,3.45,3.45,3.616,3.616,3.807,3.807,
"Jan 06, 2014",3.539,3.539,3.473,3.473,3.645,3.645,3.831,3.831,
"Jan 13, 2014",3.521,3.521,3.455,3.455,3.626,3.626,3.81,3.81,
"Jan 20, 2014",3.519,3.519,3.45,3.45,3.628,3.628,3.82,3.82,
"Jan 27, 2014",3.516,3.516,3.45,3.45,3.619,3.619,3.807,3.807,
"Feb 03, 2014",3.484,3.484,3.418,3.418,3.588,3.588,3.776,3.776,
"Feb 10, 2014",3.581,3.581,3.516,3.516,3.684,3.684,3.872,3.872,
"Feb 17, 2014",3.649,3.649,3.583,3.583,3.76,3.76,3.936,3.936,
"Feb 24, 2014",3.726,3.726,3.661,3.661,3.836,3.836,4.01,4.01,
"Mar 03, 2014",3.873,3.873,3.808,3.808,3.98,3.98,4.157,4.157,
"Mar 10, 2014",3.885,3.885,3.817,3.817,3.997,3.997,4.178,4.178,
"Mar 17, 2014",3.941,3.941,3.868,3.868,4.061,4.061,4.26,4.26,
"Mar 24, 2014",3.9,3.9,3.832,3.832,4.012,4.012,4.198,4.198,
"Mar 31, 2014",3.955,3.955,3.887,3.887,4.067,4.067,4.251,4.251,
"Apr 07, 2014",4.011,4.011,3.942,3.942,4.127,4.127,4.311,4.311,
"Apr 14, 2014",4.139,4.139,4.074,4.074,4.247,4.247,4.425,4.425,
"Apr 21, 2014",4.081,4.081,4.015,4.015,4.185,4.185,4.368,4.368,
"Apr 28, 2014",4.097,4.097,4.031,4.031,4.208,4.208,4.387,4.387,
"May 05, 2014",4.033,4.033,3.966,3.966,4.148,4.148,4.326,4.326,
"May 12, 2014",3.934,3.934,3.867,3.867,4.045,4.045,4.229,4.229,
"May 19, 2014",3.943,3.943,3.877,3.877,4.056,4.056,4.231,4.231,
"May 26, 2014",3.985,3.985,3.917,3.917,4.099,4.099,4.284,4.284,
"Jun 02, 2014",4.125,4.125,4.059,4.059,4.237,4.237,4.413,4.413,
"Jun 09, 2014",4.082,4.082,4.015,4.015,4.191,4.191,4.373,4.373,
"Jun 16, 2014",4.161,4.161,4.092,4.092,4.272,4.272,4.46,4.46,
"Jun 23, 2014",4.068,4.068,4,4,4.181,4.181,4.361,4.361,
"Jun 30, 2014",4.016,4.016,3.947,3.947,4.127,4.127,4.316,4.316,
"Jul 07, 2014",3.94,3.94,3.872,3.872,4.054,4.054,4.241,4.241,
"Jul 14, 2014",3.842,3.842,3.772,3.772,3.959,3.959,4.146,4.146,
"Jul 21, 2014",3.766,3.766,3.695,3.695,3.884,3.884,4.073,4.073,
"Jul 28, 2014",3.669,3.669,3.597,3.597,3.798,3.798,3.98,3.98,
"Aug 04, 2014",3.708,3.708,3.638,3.638,3.828,3.828,4.008,4.008,
"Aug 11, 2014",3.677,3.677,3.608,3.608,3.792,3.792,3.978,3.978,
"Aug 18, 2014",3.748,3.748,3.68,3.68,3.862,3.862,4.044,4.044,
"Aug 25, 2014",3.673,3.673,3.592,3.592,3.809,3.809,4.02,4.02,
"Sep 01, 2014",3.759,3.759,3.68,3.68,3.893,3.893,4.104,4.104,
"Sep 08, 2014",3.835,3.835,3.75,3.75,3.981,3.981,4.199,4.199,
"Sep 15, 2014",3.752,3.752,3.67,3.67,3.894,3.894,4.106,4.106,
"Sep 22, 2014",3.657,3.657,3.572,3.572,3.803,3.803,4.019,4.019,
"Sep 29, 2014",3.671,3.671,3.585,3.585,3.823,3.823,4.041,4.041,
"Oct 06, 2014",3.583,3.583,3.496,3.496,3.735,3.735,3.958,3.958,
"Oct 13, 2014",3.497,3.497,3.409,3.409,3.652,3.652,3.872,3.872,
"Oct 20, 2014",3.357,3.357,3.27,3.27,3.513,3.513,3.728,3.728,
"Oct 27, 2014",3.311,3.311,3.221,3.221,3.477,3.477,3.695,3.695,
"Nov 03, 2014",3.208,3.208,3.118,3.118,3.372,3.372,3.591,3.591,
"Nov 10, 2014",3.194,3.194,3.103,3.103,3.359,3.359,3.576,3.576,
"Nov 17, 2014",3.176,3.176,3.087,3.087,3.337,3.337,3.557,3.557,
"Nov 24, 2014",3.076,3.076,2.982,2.982,3.248,3.248,3.473,3.473,
"Dec 01, 2014",3.014,3.014,2.929,2.929,3.157,3.157,3.38,3.38,
"Dec 08, 2014",2.875,2.875,2.789,2.789,3.022,3.022,3.244,3.244,
"Dec 15, 2014",2.739,2.739,2.652,2.652,2.893,2.893,3.114,3.114,
"Dec 22, 2014",2.556,2.556,2.468,2.468,2.705,2.705,2.933,2.933,
"Dec 29, 2014",2.396,2.396,2.309,2.309,2.547,2.547,2.769,2.769,
"Jan 05, 2015",2.264,2.264,2.173,2.173,2.432,2.432,2.651,2.651,
"Jan 12, 2015",2.226,2.226,2.132,2.132,2.399,2.399,2.624,2.624,
"Jan 19, 2015",2.184,2.184,2.099,2.099,2.328,2.328,2.552,2.552,
"Jan 26, 2015",2.195,2.195,2.109,2.109,2.338,2.338,2.566,2.566,
"Feb 02, 2015",2.345,2.345,2.263,2.263,2.48,2.48,2.703,2.703,
"Feb 09, 2015",2.458,2.458,2.378,2.378,2.588,2.588,2.812,2.812,
"Feb 16, 2015",2.538,2.538,2.457,2.457,2.669,2.669,2.89,2.89,
"Feb 23, 2015",2.506,2.506,2.424,2.424,2.642,2.642,2.866,2.866,
"Mar 02, 2015",2.616,2.616,2.534,2.534,2.753,2.753,2.976,2.976,
"Mar 09, 2015",2.558,2.558,2.473,2.473,2.702,2.702,2.921,2.921,
"Mar 16, 2015",2.49,2.49,2.405,2.405,2.636,2.636,2.856,2.856,
"Mar 23, 2015",2.902,2.902,2.819,2.819,3.041,3.041,3.265,3.265,
"Mar 30, 2015",2.929,2.929,2.846,2.846,3.071,3.071,3.287,3.287,
"Apr 06, 2015",2.799,2.799,2.709,2.709,2.956,2.956,3.183,3.183,
"Apr 13, 2015",2.71,2.71,2.621,2.621,2.864,2.864,3.095,3.095,
"Apr 20, 2015",2.781,2.781,2.692,2.692,2.931,2.931,3.168,3.168,
"Apr 27, 2015",2.869,2.869,2.781,2.781,3.016,3.016,3.248,3.248,
"May 04, 2015",2.968,2.968,2.883,2.883,3.108,3.108,3.342,3.342,
"May 11, 2015",2.902,2.902,2.813,2.813,3.048,3.048,3.285,3.285,
"May 18, 2015",2.987,2.987,2.902,2.902,3.126,3.126,3.358,3.358,
"May 25, 2015",3.135,3.135,3.048,3.048,3.279,3.279,3.512,3.512,
"Jun 01, 2015",3.268,3.268,3.179,3.179,3.417,3.417,3.654,3.654,
"Jun 08, 2015",3.177,3.177,3.087,3.087,3.331,3.331,3.571,3.571,
"Jun 15, 2015",3.295,3.295,3.206,3.206,3.445,3.445,3.678,3.678,
"Jun 22, 2015",3.198,3.198,3.108,3.108,3.35,3.35,3.59,3.59,
"Jun 29, 2015",3.103,3.103,3.011,3.011,3.261,3.261,3.504,3.504,
"Jul 06, 2015",3.181,3.181,3.09,3.09,3.338,3.338,3.578,3.578,
"Jul 13, 2015",3.166,3.166,3.073,3.073,3.324,3.324,3.57,3.57,
"Jul 20, 2015",3.033,3.033,2.937,2.937,3.195,3.195,3.446,3.446,
"Jul 27, 2015",2.907,2.907,2.808,2.808,3.078,3.078,3.333,3.333,
"Aug 03, 2015",2.779,2.779,2.677,2.677,2.955,2.955,3.219,3.219,
"Aug 10, 2015",2.783,2.783,2.682,2.682,2.957,2.957,3.22,3.22,
"Aug 17, 2015",3.476,3.476,3.366,3.366,3.664,3.664,3.951,3.951,
"Aug 24, 2015",3.35,3.35,3.238,3.238,3.535,3.535,3.838,3.838,
"Aug 31, 2015",3.06,3.06,2.945,2.945,3.256,3.256,3.556,3.556,
"Sep 07, 2015",2.894,2.894,2.773,2.773,3.101,3.101,3.419,3.419,
"Sep 14, 2015",2.751,2.751,2.629,2.629,2.951,2.951,3.287,3.287,
"Sep 21, 2015",2.745,2.745,2.625,2.625,2.939,2.939,3.267,3.267,
"Sep 28, 2015",2.808,2.808,2.685,2.685,3.014,3.014,3.343,3.343,
"Oct 05, 2015",2.749,2.749,2.627,2.627,2.948,2.948,3.278,3.278,
"Oct 12, 2015",2.837,2.837,2.712,2.712,3.041,3.041,3.384,3.384,
"Oct 19, 2015",2.7,2.7,2.573,2.573,2.908,2.908,3.256,3.256,
"Oct 26, 2015",2.556,2.556,2.428,2.428,2.77,2.77,3.118,3.118,
"Nov 02, 2015",2.544,2.544,2.412,2.412,2.768,2.768,3.12,3.12,
"Nov 09, 2015",2.472,2.472,2.345,2.345,2.685,2.685,3.02,3.02,
"Nov 16, 2015",2.348,2.348,2.218,2.218,2.567,2.567,2.913,2.913,
"Nov 23, 2015",2.161,2.161,2.029,2.029,2.38,2.38,2.732,2.732,
"Nov 30, 2015",2.125,2.125,1.995,1.995,2.337,2.337,2.697,2.697,
"Dec 07, 2015",2.142,2.142,2.014,2.014,2.349,2.349,2.703,2.703,
"Dec 14, 2015",2.251,2.251,2.125,2.125,2.454,2.454,2.804,2.804,
"Dec 21, 2015",2.186,2.186,2.062,2.062,2.386,2.386,2.731,2.731,
"Dec 28, 2015",2.22,2.22,2.093,2.093,2.426,2.426,2.782,2.782,
"Jan 04, 2016",2.185,2.185,2.06,2.06,2.386,2.386,2.738,2.738,
"Jan 11, 2016",2.164,2.164,2.035,2.035,2.374,2.374,2.726,2.726,
"Jan 18, 2016",2.019,2.019,1.89,1.89,2.236,2.236,2.584,2.584,
"Jan 25, 2016",1.904,1.904,1.773,1.773,2.126,2.126,2.469,2.469,
"Feb 01, 2016",1.798,1.798,1.668,1.668,2.013,2.013,2.362,2.362,
"Feb 08, 2016",1.689,1.689,1.561,1.561,1.905,1.905,2.246,2.246,
"Feb 15, 2016",1.723,1.723,1.595,1.595,1.939,1.939,2.283,2.283,
"Feb 22, 2016",1.852,1.852,1.726,1.726,2.057,2.057,2.401,2.401,
"Feb 29, 2016",1.976,1.976,1.855,1.855,2.177,2.177,2.507,2.507,
"Mar 07, 2016",2.074,2.074,1.95,1.95,2.276,2.276,2.619,2.619,
"Mar 14, 2016",2.276,2.276,2.154,2.154,2.466,2.466,2.813,2.813,
"Mar 21, 2016",2.169,2.169,2.045,2.045,2.367,2.367,2.713,2.713,
"Mar 28, 2016",2.259,2.259,2.138,2.138,2.452,2.452,2.793,2.793,
"Apr 04, 2016",2.329,2.329,2.206,2.206,2.521,2.521,2.873,2.873,
"Apr 11, 2016",2.234,2.234,2.111,2.111,2.427,2.427,2.777,2.777,
"Apr 18, 2016",2.368,2.368,2.249,2.249,2.556,2.556,2.896,2.896,
"Apr 25, 2016",2.495,2.495,2.376,2.376,2.688,2.688,3.016,3.016,
"May 02, 2016",2.558,2.558,2.439,2.439,2.75,2.75,3.08,3.08,
"May 09, 2016",2.454,2.454,2.333,2.333,2.648,2.648,2.983,2.983,
"May 16, 2016",2.542,2.542,2.421,2.421,2.738,2.738,3.077,3.077,
"May 23, 2016",2.617,2.617,2.499,2.499,2.807,2.807,3.137,3.137,
"May 30, 2016",2.658,2.658,2.537,2.537,2.852,2.852,3.189,3.189,
"Jun 06, 2016",2.759,2.759,2.639,2.639,2.946,2.946,3.289,3.289,
"Jun 13, 2016",2.899,2.899,2.777,2.777,3.098,3.098,3.435,3.435,
"Jun 20, 2016",2.77,2.77,2.645,2.645,2.984,2.984,3.315,3.315,
"Jun 27, 2016",2.628,2.628,2.502,2.502,2.842,2.842,3.172,3.172,
"Jul 04, 2016",2.535,2.535,2.406,2.406,2.753,2.753,3.091,3.091,
"Jul 11, 2016",2.455,2.455,2.326,2.326,2.674,2.674,3.015,3.015,
"Jul 18, 2016",2.491,2.491,2.363,2.363,2.699,2.699,3.048,3.048,
"Jul 25, 2016",2.339,2.339,2.215,2.215,2.549,2.549,2.877,2.877,
"Aug 01, 2016",2.35,2.35,2.224,2.224,2.564,2.564,2.896,2.896,
"Aug 08, 2016",2.442,2.442,2.317,2.317,2.646,2.646,2.989,2.989,
"Aug 15, 2016",2.38,2.38,2.257,2.257,2.582,2.582,2.916,2.916,
"Aug 22, 2016",2.479,2.479,2.356,2.356,2.682,2.682,3.016,3.016,
"Aug 29, 2016",2.556,2.556,2.433,2.433,2.753,2.753,3.093,3.093,
"Sep 05, 2016",2.437,2.437,2.313,2.313,2.639,2.639,2.979,2.979,
"Sep 12, 2016",2.491,2.491,2.367,2.367,2.694,2.694,3.031,3.031,
"Sep 19, 2016",2.428,2.428,2.304,2.304,2.631,2.631,2.968,2.968,
"Sep 26, 2016",2.445,2.445,2.32,2.32,2.657,2.657,2.989,2.989,
"Oct 03, 2016",2.487,2.487,2.363,2.363,2.692,2.692,3.03,3.03,
"Oct 10, 2016",2.543,2.543,2.42,2.42,2.745,2.745,3.074,3.074,
"Oct 17, 2016",2.416,2.416,2.291,2.291,2.623,2.623,2.958,2.958,
"Oct 24, 2016",2.399,2.399,2.274,2.274,2.605,2.605,2.946,2.946,
"Oct 31, 2016",2.298,2.298,2.172,2.172,2.507,2.507,2.848,2.848,
"Nov 07, 2016",2.372,2.372,2.246,2.246,2.58,2.58,2.924,2.924,
"Nov 14, 2016",2.267,2.267,2.14,2.14,2.482,2.482,2.82,2.82,
"Nov 21, 2016",2.295,2.295,2.171,2.171,2.503,2.503,2.836,2.836,
"Nov 28, 2016",2.367,2.367,2.242,2.242,2.571,2.571,2.913,2.913,
"Dec 05, 2016",2.425,2.425,2.299,2.299,2.629,2.629,2.978,2.978,
"Dec 12, 2016",2.539,2.539,2.415,2.415,2.735,2.735,3.089,3.089,
"Dec 19, 2016",2.509,2.509,2.386,2.386,2.704,2.704,3.054,3.054,
"Dec 26, 2016",2.632,2.632,2.507,2.507,2.831,2.831,3.186,3.186,
"Jan 02, 2017",2.718,2.718,2.593,2.593,2.915,2.915,3.271,3.271,
"Jan 09, 2017",2.663,2.663,2.539,2.539,2.861,2.861,3.211,3.211,
"Jan 16, 2017",2.559,2.559,2.432,2.432,2.76,2.76,3.118,3.118,
"Jan 23, 2017",2.491,2.491,2.364,2.364,2.692,2.692,3.05,3.05,
"Jan 30, 2017",2.4,2.4,2.271,2.271,2.611,2.611,2.964,2.964,
"Feb 06, 2017",2.425,2.425,2.296,2.296,2.64,2.64,2.991,2.991,
"Feb 13, 2017",2.509,2.509,2.38,2.38,2.718,2.718,3.078,3.078,
"Feb 20, 2017",2.438,2.438,2.31,2.31,2.645,2.645,3,3,
"Feb 27, 2017",2.483,2.483,2.351,2.351,2.697,2.697,3.06,3.06,
"Mar 06, 2017",2.55,2.55,2.42,2.42,2.757,2.757,3.118,3.118,
"Mar 13, 2017",2.476,2.476,2.344,2.344,2.687,2.687,3.054,3.054,
"Mar 20, 2017",2.527,2.527,2.395,2.395,2.739,2.739,3.113,3.113,
"Mar 27, 2017",2.5,2.5,2.369,2.369,2.707,2.707,3.081,3.081,
"Apr 03, 2017",2.61,2.61,2.481,2.481,2.812,2.812,3.185,3.185,
"Apr 10, 2017",2.726,2.726,2.597,2.597,2.925,2.925,3.295,3.295,
"Apr 17, 2017",2.683,2.683,2.557,2.557,2.879,2.879,3.242,3.242,
"Apr 24, 2017",2.707,2.707,2.578,2.578,2.907,2.907,3.275,3.275,
"May 01, 2017",2.607,2.607,2.477,2.477,2.814,2.814,3.18,3.18,
"May 08, 2017",2.55,2.55,2.419,2.419,2.757,2.757,3.127,3.127,
"May 15, 2017",2.629,2.629,2.498,2.498,2.835,2.835,3.206,3.206,
"May 22, 2017",2.675,2.675,2.542,2.542,2.888,2.888,3.262,3.262,
"May 29, 2017",2.669,2.669,2.538,2.538,2.873,2.873,3.251,3.251,
"Jun 05, 2017",2.616,2.616,2.485,2.485,2.822,2.822,3.196,3.196,
"Jun 12, 2017",2.526,2.526,2.392,2.392,2.741,2.741,3.117,3.117,
"Jun 19, 2017",2.528,2.528,2.394,2.394,2.741,2.741,3.116,3.116,
"Jun 26, 2017",2.441,2.441,2.307,2.307,2.655,2.655,3.032,3.032,
"Jul 03, 2017",2.498,2.498,2.366,2.366,2.705,2.705,3.078,3.078,
"Jul 10, 2017",2.577,2.577,2.446,2.446,2.788,2.788,3.156,3.156,
"Jul 17, 2017",2.49,2.49,2.359,2.359,2.698,2.698,3.07,3.07,
"Jul 24, 2017",2.49,2.49,2.359,2.359,2.697,2.697,3.068,3.068,
"Jul 31, 2017",2.586,2.586,2.456,2.456,2.787,2.787,3.164,3.164,
"Aug 07, 2017",2.567,2.567,2.437,2.437,2.773,2.773,3.144,3.144,
"Aug 14, 2017",2.59,2.59,2.461,2.461,2.789,2.789,3.165,3.165,
"Aug 21, 2017",2.474,2.474,2.342,2.342,2.682,2.682,3.059,3.059,
"Aug 28, 2017",2.6,2.6,2.469,2.469,2.805,2.805,3.177,3.177,
"Sep 04, 2017",2.741,2.741,2.61,2.61,2.931,2.931,3.333,3.333,
"Sep 11, 2017",2.825,2.825,2.693,2.693,3.016,3.016,3.417,3.417,
"Sep 18, 2017",2.676,2.676,2.543,2.543,2.874,2.874,3.272,3.272,
"Sep 25, 2017",2.559,2.559,2.424,2.424,2.761,2.761,3.167,3.167,
"Oct 02, 2017",2.683,2.683,2.548,2.548,2.88,2.88,3.29,3.29,
"Oct 09, 2017",2.597,2.597,2.462,2.462,2.795,2.795,3.201,3.201,
"Oct 16, 2017",2.679,2.679,2.544,2.544,2.88,2.88,3.287,3.287,
"Oct 23, 2017",2.743,2.743,2.608,2.608,2.94,2.94,3.348,3.348,
"Oct 30, 2017",2.792,2.792,2.66,2.66,2.982,2.982,3.385,3.385,
"Nov 06, 2017",2.989,2.989,2.859,2.859,3.18,3.18,3.569,3.569,
"Nov 13, 2017",2.912,2.912,2.78,2.78,3.101,3.101,3.506,3.506,
"Nov 20, 2017",2.904,2.904,2.772,2.772,3.101,3.101,3.492,3.492,
"Nov 27, 2017",2.745,2.745,2.611,2.611,2.938,2.938,3.345,3.345,
"Dec 04, 2017",2.621,2.621,2.483,2.483,2.829,2.829,3.237,3.237,
"Dec 11, 2017",2.665,2.665,2.529,2.529,2.868,2.868,3.277,3.277,
"Dec 18, 2017",2.704,2.704,2.566,2.566,2.91,2.91,3.323,3.323,
"Dec 25, 2017",2.811,2.811,2.678,2.678,2.998,2.998,3.412,3.412,
"Jan 01, 2018",2.844,2.844,2.706,2.706,3.045,3.045,3.459,3.459,
"Jan 08, 2018",2.795,2.795,2.658,2.658,2.994,2.994,3.406,3.406,
"Jan 15, 2018",2.863,2.863,2.726,2.726,3.063,3.063,3.477,3.477,
"Jan 22, 2018",2.755,2.755,2.617,2.617,2.962,2.962,3.375,3.375,
"Jan 29, 2018",2.775,2.775,2.637,2.637,2.982,2.982,3.396,3.396,
"Feb 05, 2018",2.797,2.797,2.662,2.662,2.999,2.999,3.402,3.402,
"Feb 12, 2018",2.708,2.708,2.571,2.571,2.909,2.909,3.325,3.325,
"Feb 19, 2018",2.626,2.626,2.487,2.487,2.83,2.83,3.247,3.247,
"Feb 26, 2018",2.677,2.677,2.538,2.538,2.883,2.883,3.299,3.299,
"Mar 05, 2018",2.688,2.688,2.549,2.549,2.896,2.896,3.312,3.312,
"Mar 12, 2018",2.72,2.72,2.58,2.58,2.932,2.932,3.343,3.343,
"Mar 19, 2018",2.873,2.873,2.737,2.737,3.071,3.071,3.482,3.482,
"Mar 26, 2018",2.878,2.878,2.742,2.742,3.075,3.075,3.491,3.491,
"Apr 02, 2018",2.918,2.918,2.785,2.785,3.113,3.113,3.516,3.516,
"Apr 09, 2018",2.943,2.943,2.807,2.807,3.147,3.147,3.554,3.554,
"Apr 16, 2018",2.946,2.946,2.81,2.81,3.145,3.145,3.556,3.556,
"Apr 23, 2018",3.035,3.035,2.9,2.9,3.236,3.236,3.638,3.638,
"Apr 30, 2018",3.063,3.063,2.93,2.93,3.256,3.256,3.661,3.661,
"May 07, 2018",3.119,3.119,2.987,2.987,3.306,3.306,3.718,3.718,
"May 14, 2018",3.148,3.148,3.032,3.032,3.396,3.396,3.779,3.779,
"May 21, 2018",3.265,3.265,3.15,3.15,3.518,3.518,3.885,3.885,
"May 28, 2018",3.308,3.308,3.192,3.192,3.558,3.558,3.937,3.937,
"Jun 04, 2018",3.322,3.322,3.203,3.203,3.578,3.578,3.961,3.961,
"Jun 11, 2018",3.21,3.21,3.088,3.088,3.489,3.489,3.86,3.86,
"Jun 18, 2018",3.178,3.178,3.059,3.059,3.44,3.44,3.82,3.82,
"Jun 25, 2018",3.04,3.04,2.916,2.916,3.303,3.303,3.716,3.716,
"Jul 02, 2018",3.109,3.109,2.984,2.984,3.37,3.37,3.79,3.79,
"Jul 09, 2018",3.156,3.156,3.032,3.032,3.411,3.411,3.839,3.839,
"Jul 16, 2018",3.118,3.118,2.999,2.999,3.366,3.366,3.781,3.781,
"Jul 23, 2018",3.029,3.029,2.913,2.913,3.288,3.288,3.673,3.673,
"Jul 30, 2018",3.059,3.059,2.94,2.94,3.304,3.304,3.698,3.698,
"Aug 06, 2018",3.1,3.1,2.979,2.979,3.346,3.346,3.748,3.748,
"Aug 13, 2018",3.076,3.076,2.956,2.956,3.313,3.313,3.728,3.728,
"Aug 20, 2018",2.984,2.984,2.864,2.864,3.224,3.224,3.636,3.636,
"Aug 27, 2018",3.025,3.025,2.902,2.902,3.265,3.265,3.694,3.694,
"Sep 03, 2018",2.972,2.972,2.85,2.85,3.224,3.224,3.629,3.629,
"Sep 10, 2018",3.037,3.037,2.918,2.918,3.277,3.277,3.68,3.68,
"Sep 17, 2018",3.075,3.075,2.955,2.955,3.346,3.346,3.749,3.749,
"Sep 24, 2018",3.101,3.101,2.983,2.983,3.362,3.362,3.755,3.755,
"Oct 01, 2018",3.076,3.076,2.959,2.959,3.321,3.321,3.729,3.729,
"Oct 08, 2018",3.115,3.115,2.996,2.996,3.382,3.382,3.776,3.776,
"Oct 15, 2018",3.011,3.011,2.888,2.888,3.293,3.293,3.687,3.687,
"Oct 22, 2018",2.909,2.909,2.786,2.786,3.195,3.195,3.588,3.588,
"Oct 29, 2018",2.958,2.958,2.835,2.835,3.239,3.239,3.636,3.636,
"Nov 05, 2018",2.877,2.877,2.753,2.753,3.178,3.178,3.554,3.554,
"Nov 12, 2018",2.786,2.786,2.659,2.659,3.088,3.088,3.472,3.472,
"Nov 19, 2018",2.636,2.636,2.513,2.513,2.975,2.975,3.337,3.337,
"Nov 26, 2018",2.553,2.553,2.426,2.426,2.89,2.89,3.234,3.234,
"Dec 03, 2018",2.431,2.431,2.301,2.301,2.773,2.773,3.123,3.123,
"Dec 10, 2018",2.491,2.491,2.361,2.361,2.833,2.833,3.18,3.18,
"Dec 17, 2018",2.39,2.39,2.265,2.265,2.713,2.713,3.062,3.062,
"Dec 24, 2018",2.346,2.346,2.219,2.219,2.681,2.681,3.023,3.023,
"Dec 31, 2018",2.239,2.239,2.125,2.125,2.518,2.518,2.886,2.886,
"Jan 07, 2019",2.237,2.237,2.118,2.118,2.518,2.518,2.888,2.888,
"Jan 14, 2019",2.268,2.268,2.152,2.152,2.555,2.555,2.916,2.916,
"Jan 21, 2019",2.303,2.303,2.186,2.186,2.578,2.578,2.944,2.944,
"Jan 28, 2019",2.255,2.255,2.139,2.139,2.52,2.52,2.907,2.907,
"Feb 04, 2019",2.345,2.345,2.233,2.233,2.604,2.604,2.969,2.969,
"Feb 11, 2019",2.41,2.41,2.293,2.293,2.669,2.669,3.065,3.065,
"Feb 18, 2019",2.477,2.477,2.361,2.361,2.729,2.729,3.13,3.13,
"Feb 25, 2019",2.609,2.609,2.502,2.502,2.824,2.824,3.222,3.222,
"Mar 04, 2019",2.578,2.578,2.468,2.468,2.8,2.8,3.211,3.211,
"Mar 11, 2019",2.665,2.665,2.556,2.556,2.89,2.89,3.287,3.287,
"Mar 18, 2019",2.8,2.8,2.689,2.689,3.034,3.034,3.433,3.433,
"Mar 25, 2019",2.88,2.88,2.769,2.769,3.131,3.131,3.501,3.501,
,,,,,,,,,
